car_knd,GAI_COD,PIB_AGE,PIB_SEX,in1_los,mul_los,jas_los,cha_los
1A,08,43,1,1997490,427160,0,144490
1A,08,38,1,0,0,0,371430
1A,08,51,1,0,0,0,1183420
1A,08,34,1,0,0,0,1320000
1A,08,37,1,0,0,0,490090
1A,04,37,1,0,0,0,1328100
1A,08,36,1,0,0,0,323000
1A,02,28,1,0,0,0,1320000
1A,08,66,1,0,0,0,100000
1A,08,74,1,0,0,0,0
1A,08,64,1,0,0,0,0
1A,08,53,1,0,0,0,0
1A,08,50,1,0,0,0,0
1A,08,56,2,0,0,0,0
1A,08,48,1,0,0,0,0
1A,08,53,1,0,0,0,0
1A,05,48,2,0,0,0,0
1A,08,56,1,0,0,0,0
1A,08,40,1,0,0,0,0
1A,08,59,1,0,0,0,0
1A,08,57,1,0,0,0,0
1A,08,35,1,0,0,0,0
1A,08,44,1,0,0,0,0
1A,04,33,2,0,0,0,0
1A,08,56,1,0,0,0,0
1A,08,68,1,0,0,0,0
1A,08,46,1,0,0,0,0
1A,08,53,2,0,0,0,0
1A,08,45,1,0,0,0,0
1A,08,64,1,0,0,0,0
1A,08,35,1,0,0,0,0
1A,08,60,1,0,0,0,0
1A,08,52,1,0,0,0,0
1A,08,49,1,0,0,0,0
1A,08,48,1,0,0,0,0
1A,08,50,1,0,0,0,0
1A,08,37,1,0,0,0,0
1A,08,40,1,0,0,0,0
1A,08,54,1,0,0,0,0
1A,08,48,1,0,0,0,0
1A,08,43,1,0,0,0,0
1A,08,43,1,0,0,0,0
1A,08,43,1,0,0,0,0
1A,08,63,1,0,0,0,0
1A,08,58,1,0,0,0,0
1A,08,57,1,0,0,0,0
1A,02,36,2,0,0,0,0
1A,08,71,1,0,0,0,0
1A,08,39,1,0,0,0,0
1A,08,50,1,0,0,0,0
1A,08,54,1,0,0,0,0
1A,08,44,1,0,0,0,0
1A,08,48,1,0,0,0,0
1E,08,53,1,0,657330,0,698810
1E,08,49,1,0,0,0,120000
1E,08,49,1,0,0,0,166670
1E,08,53,2,300000,615920,0,465390
1E,08,58,1,0,0,0,402950
1E,08,56,1,0,0,0,1240000
1E,08,48,1,0,0,0,434380
1E,08,44,1,1006960,547500,0,424930
1E,08,44,1,0,0,0,180600
1E,08,52,1,0,0,0,2216760
1E,08,54,1,0,1534600,0,1128000
1E,08,43,2,0,0,0,273270
1E,08,50,1,0,0,0,1159140
1E,08,47,1,1345080,1644190,0,591640
1E,05,30,1,2005340,627500,0,883700
1E,08,66,1,0,0,0,619390
1E,08,38,1,1387630,504000,0,319000
1E,05,52,2,0,0,0,858620
1E,08,48,1,0,0,0,560540
1E,08,55,1,0,0,0,856000
1E,07,63,1,0,0,0,384880
1E,04,49,2,0,0,0,1316000
1E,08,41,2,0,0,0,1003100
1E,08,50,1,0,0,0,2700000
1E,02,30,2,0,0,0,0
1E,02,35,2,0,0,0,0
1E,08,41,1,0,0,0,0
1E,08,43,1,0,0,0,0
1E,08,33,2,0,0,0,0
1E,08,43,1,0,0,0,0
1E,08,49,1,0,0,0,0
1E,08,37,1,0,0,0,0
1E,08,53,1,0,0,0,0
1E,08,46,1,0,0,0,0
1E,08,43,1,0,0,0,0
1E,08,39,1,0,0,0,0
1E,08,43,1,0,0,0,0
1E,08,35,1,0,0,0,0
1E,04,45,2,0,0,0,0
1E,08,46,1,0,0,0,0
1E,08,50,1,0,0,0,0
1E,04,43,2,0,0,0,0
1E,08,48,1,0,0,0,0
1E,08,50,1,0,0,0,0
1E,05,39,2,0,0,0,0
1E,03,42,1,0,0,0,0
1E,08,36,1,0,0,0,0
1E,08,41,1,0,0,0,0
1E,08,41,1,0,0,0,0
1E,08,54,1,0,0,0,0
1E,06,39,2,0,0,0,0
1E,08,38,2,0,0,0,0
1E,08,56,1,0,0,0,0
1E,08,44,1,0,0,0,0
1E,08,51,1,0,0,0,0
1E,08,45,2,0,0,0,0
1E,08,32,1,0,0,0,0
1E,08,43,1,0,0,0,0
1E,08,38,1,0,0,0,0
1E,05,27,1,0,0,0,0
1E,08,49,2,0,0,0,0
1E,08,47,1,0,0,0,0
1E,08,43,1,0,0,0,0
1E,08,67,1,0,0,0,0
1E,08,58,1,0,0,0,0
1E,08,56,1,0,0,0,0
1E,08,51,1,0,0,0,0
1E,08,39,1,0,0,0,0
1E,08,53,1,0,0,0,0
1E,03,26,1,0,0,0,0
1E,08,36,1,0,0,0,0
1E,08,40,1,0,0,0,0
1E,08,40,1,0,0,0,0
1E,08,43,1,0,0,0,0
1E,08,49,1,0,0,0,0
1E,08,44,1,0,0,0,0
1E,08,68,1,0,0,0,0
1E,08,68,1,0,0,0,0
1E,08,39,2,0,0,0,0
1E,08,50,1,0,0,0,0
1E,08,29,1,0,0,0,0
1E,08,40,1,0,0,0,0
1E,08,45,1,0,0,0,0
1E,08,32,2,0,0,0,0
1E,08,61,1,0,0,0,0
1E,08,56,1,0,0,0,0
1E,08,62,1,0,0,0,0
1E,08,37,1,0,0,0,0
1E,08,32,1,0,0,0,0
1E,08,36,2,0,0,0,0
1E,08,45,1,0,0,0,0
1E,08,37,1,0,0,0,0
1E,08,39,2,0,0,0,0
1E,08,36,1,0,0,0,0
1E,08,64,1,0,0,0,0
1E,08,52,1,0,0,0,0
1E,08,46,1,0,0,0,0
1E,08,47,1,0,0,0,0
1E,08,41,1,0,0,0,0
1E,04,34,1,0,0,0,0
1E,08,40,1,0,0,0,0
1E,08,46,1,0,0,0,0
1E,08,54,1,0,0,0,0
1E,08,59,1,0,0,0,0
1E,08,51,1,0,0,0,0
1E,08,32,1,0,0,0,0
1E,08,43,1,0,0,0,0
1E,08,47,2,0,0,0,0
1E,08,43,1,0,0,0,0
1E,08,56,1,0,0,0,0
1E,08,45,1,0,0,0,0
1E,08,50,1,0,0,0,0
1E,04,30,2,0,0,0,0
1E,08,50,1,0,0,0,0
1E,08,51,1,0,0,0,0
1E,08,51,1,0,0,0,0
1E,08,42,2,0,0,0,0
1E,08,44,1,0,0,0,0
1E,08,45,1,0,0,0,0
1E,08,46,1,0,0,0,0
1E,06,53,2,0,0,0,0
1E,08,52,2,0,0,0,0
1E,08,46,1,0,0,0,0
1E,08,41,1,0,0,0,0
1E,08,41,1,0,0,0,0
1E,08,34,1,0,0,0,0
1E,08,38,1,0,0,0,0
1E,08,68,1,0,0,0,0
1E,08,50,1,0,0,0,0
1F,08,58,1,0,0,0,61670
1F,08,57,1,2400000,2628640,0,1166400
1F,08,48,1,0,0,0,100000
1F,08,58,1,0,200000,0,1585340
1F,08,48,1,0,150000,0,178530
1F,08,42,1,0,0,0,357560
1F,07,60,1,0,0,0,70000
1F,08,50,1,0,0,622220,818400
1F,08,51,1,0,0,0,1088660
1F,08,54,1,0,0,0,1405340
1F,08,36,1,0,393500,0,2004300
1F,03,42,2,0,646200,0,253810
1F,08,36,1,0,0,0,350000
1F,08,46,1,0,0,312570,1599050
1F,01,23,2,0,0,0,239850
1F,08,56,1,0,0,0,749370
1F,08,48,2,0,0,0,727670
1F,08,35,1,0,0,0,179900
1F,08,41,1,72702110,0,0,667360
1F,08,65,1,0,0,1004680,1900060
1F,08,40,1,0,0,0,429560
1F,08,52,1,0,0,0,476060
1F,02,28,1,0,0,0,430070
1F,01,46,2,0,0,0,100300
1F,02,28,2,0,0,0,861060
1F,08,44,2,0,0,0,734580
1F,08,39,1,0,0,0,0
1F,08,48,1,0,0,0,0
1F,08,41,1,0,0,0,0
1F,08,40,1,0,0,0,0
1F,08,39,1,0,0,0,0
1F,08,51,1,0,0,0,0
1F,08,43,1,0,0,0,0
1F,08,49,1,0,0,0,0
1F,08,43,1,0,0,0,0
1F,08,57,1,0,0,0,0
1F,02,27,2,0,0,0,0
1F,06,43,2,0,0,0,0
1F,08,41,1,0,0,0,0
1F,08,36,1,0,0,0,0
1F,08,50,2,0,0,0,0
1F,08,52,2,0,0,0,0
1F,08,44,1,0,0,0,0
1F,08,48,2,0,0,0,0
1F,08,48,2,0,0,0,0
1F,08,41,2,0,0,0,0
1F,08,47,1,0,0,0,0
1F,08,31,2,0,0,0,0
1F,03,29,1,0,0,0,0
1F,04,42,2,0,0,0,0
1F,08,46,1,0,0,0,0
1F,04,42,2,0,0,0,0
1F,02,26,1,0,0,0,0
1F,03,49,2,0,0,0,0
1F,08,43,1,0,0,0,0
1F,08,44,1,0,0,0,0
1F,07,28,2,0,0,0,0
1F,08,57,1,0,0,0,0
1F,08,43,1,0,0,0,0
1F,08,61,1,0,0,0,0
1F,02,30,1,0,0,0,0
1F,02,28,2,0,0,0,0
1F,08,53,1,0,0,0,0
1F,03,49,2,0,0,0,0
1F,08,43,1,0,0,0,0
1F,04,29,2,0,0,0,0
1F,08,35,1,0,0,0,0
1F,08,55,1,0,0,0,0
1F,08,52,1,0,0,0,0
1F,08,68,1,0,0,0,0
1F,08,42,1,0,0,0,0
1F,08,48,1,0,0,0,0
1F,08,50,2,0,0,0,0
1F,08,42,1,0,0,0,0
1F,08,55,1,0,0,0,0
1F,04,29,1,0,0,0,0
1F,08,55,2,0,0,0,0
1F,06,35,1,0,0,0,0
1F,06,35,1,0,0,0,0
1F,06,35,1,0,0,0,0
1F,08,46,1,0,0,0,0
1F,03,31,1,0,0,0,0
1F,08,62,1,0,0,0,0
1F,08,48,1,0,0,0,0
1F,08,48,1,0,0,0,0
1F,08,59,1,0,0,0,0
1F,04,31,1,0,0,0,0
1F,08,38,1,0,0,0,0
1F,08,43,1,0,0,0,0
1F,08,56,1,0,0,0,0
1F,08,65,2,0,0,0,0
1F,08,38,1,0,0,0,0
1F,08,40,1,0,0,0,0
1F,08,38,1,0,0,0,0
1F,08,43,1,0,0,0,0
1F,02,30,1,0,0,0,0
1F,08,47,1,0,0,0,0
1F,08,50,1,0,0,0,0
1F,08,61,1,0,0,0,0
1F,08,54,1,0,0,0,0
1F,08,49,1,0,0,0,0
1F,08,41,2,0,0,0,0
1G,08,58,1,0,0,0,459490
1G,08,48,1,0,0,0,218000
1G,08,47,2,0,0,0,26460
1G,08,39,1,0,0,0,966090
1G,08,56,1,0,0,0,374190
1G,08,55,1,0,0,0,431970
1G,08,50,1,2400000,1670680,0,1024000
1G,08,55,1,0,0,0,144720
1G,08,50,1,0,0,0,395000
1G,08,33,1,354520,4112490,531170,1544000
1G,08,43,1,0,0,0,16900
1G,08,38,1,0,2546740,0,1404020
1G,08,29,1,3192020,1958830,1231300,250000
1G,08,43,1,0,0,0,256520
1G,04,62,1,0,300000,0,320960
1G,08,60,1,0,0,0,818000
1G,08,52,1,0,0,0,206750
1G,07,56,2,0,0,0,1294300
1G,08,56,1,0,1558000,0,250000
1G,02,31,1,0,0,0,300000
1G,08,33,1,0,230100,0,160380
1G,08,63,1,0,0,0,452280
1G,07,34,2,0,0,0,400000
1G,08,55,1,0,0,0,118500
1G,08,73,1,0,0,0,280200
1G,08,35,2,0,0,0,119000
1G,08,34,1,0,0,0,690010
1G,08,35,1,0,0,0,599960
1G,08,56,1,0,892110,0,177050
1G,08,35,2,0,0,0,1095510
1G,08,50,1,0,1870820,1409880,2506600
1G,08,49,1,0,0,0,321350
1G,08,49,1,0,143350,0,23450
1G,08,42,2,0,0,0,79210
1G,08,45,2,0,481130,0,1244800
1G,08,37,1,0,0,0,131320
1G,08,42,1,0,391000,0,832000
1G,07,31,1,0,0,0,531560
1G,08,37,2,0,0,0,11200
1G,08,42,1,0,0,0,399000
1G,08,34,1,0,0,0,668970
1G,08,62,1,1181260,1827070,0,650000
1G,08,68,1,0,0,0,350240
1G,08,54,1,6578640,2655200,121530,3827000
1G,02,33,1,0,0,0,149250
1G,08,53,1,0,0,0,205410
1G,08,50,1,0,998440,0,357360
1G,08,36,1,0,0,0,496460
1G,08,48,2,0,0,0,59650
1G,08,46,1,0,0,0,789320
1G,08,45,1,0,0,0,600000
1G,08,48,2,0,0,0,1344420
1G,02,38,2,0,0,0,898070
1G,08,57,1,0,1189300,0,520000
1G,07,54,2,0,395470,0,193620
1G,07,36,2,0,0,0,4000
1G,08,47,1,0,0,0,600000
1G,08,48,1,0,0,0,1046410
1G,08,51,1,0,1890750,0,1314970
1G,08,36,1,0,0,0,881600
1G,08,40,1,0,0,0,303970
1G,07,31,2,3612860,1401350,0,805500
1G,08,45,1,0,0,0,150640
1G,08,56,1,0,0,0,779000
1G,03,25,2,0,0,0,433420
1G,08,57,1,0,0,0,600000
1G,08,48,2,0,0,0,0
1G,08,45,1,0,0,0,0
1G,08,45,1,0,0,0,0
1G,02,30,1,0,0,0,0
1G,08,39,1,0,0,0,0
1G,08,39,1,0,0,0,0
1G,08,46,1,0,0,0,0
1G,08,58,1,0,0,0,0
1G,08,56,1,0,0,0,0
1G,02,41,2,0,0,0,0
1G,08,50,1,0,0,0,0
1G,08,48,1,0,0,0,0
1G,08,48,1,0,0,0,0
1G,08,54,1,0,0,0,0
1G,08,40,1,0,0,0,0
1G,08,41,1,0,0,0,0
1G,08,51,1,0,0,0,0
1G,08,40,1,0,0,0,0
1G,08,37,1,0,0,0,0
1G,08,41,1,0,0,0,0
1G,08,34,1,0,0,0,0
1G,08,54,1,0,0,0,0
1G,08,62,1,0,0,0,0
1G,08,46,1,0,0,0,0
1G,08,43,1,0,0,0,0
1G,08,32,1,0,0,0,0
1G,08,62,1,0,0,0,0
1G,08,36,1,0,0,0,0
1G,08,46,2,0,0,0,0
1G,08,42,1,0,0,0,0
1G,08,59,1,0,0,0,0
1G,08,59,1,0,0,0,0
1G,04,72,2,0,0,0,0
1G,08,56,1,0,0,0,0
1G,08,56,2,0,0,0,0
1G,06,40,1,0,0,0,0
1G,08,56,1,0,0,0,0
1G,07,33,1,0,0,0,0
1G,08,46,1,0,0,0,0
1G,08,38,1,0,0,0,0
1G,07,33,1,0,0,0,0
1G,08,59,2,0,0,0,0
1G,02,42,2,0,0,0,0
1G,04,32,1,0,0,0,0
1G,02,32,1,0,0,0,0
1G,08,39,1,0,0,0,0
1G,08,38,2,0,0,0,0
1G,08,63,1,0,0,0,0
1G,06,59,1,0,0,0,0
1G,06,27,2,0,0,0,0
1G,08,59,2,0,0,0,0
1G,08,38,1,0,0,0,0
1G,08,44,2,0,0,0,0
1G,03,36,2,0,0,0,0
1G,06,32,1,0,0,0,0
1G,08,65,2,0,0,0,0
1G,08,54,2,0,0,0,0
1G,08,55,1,0,0,0,0
1G,08,50,1,0,0,0,0
1G,08,45,1,0,0,0,0
1G,08,51,2,0,0,0,0
1G,07,38,1,0,0,0,0
1G,08,38,1,0,0,0,0
1G,08,43,1,0,0,0,0
1G,08,52,2,0,0,0,0
1G,07,36,1,0,0,0,0
1G,08,40,1,0,0,0,0
1G,08,43,1,0,0,0,0
1G,08,37,2,0,0,0,0
1G,08,40,1,0,0,0,0
1G,08,53,1,0,0,0,0
1G,08,50,1,0,0,0,0
1G,08,51,2,0,0,0,0
1G,04,51,2,0,0,0,0
1G,02,41,2,0,0,0,0
1G,08,62,1,0,0,0,0
1G,08,53,2,0,0,0,0
1G,02,49,2,0,0,0,0
1G,08,38,1,0,0,0,0
1G,06,36,1,0,0,0,0
1G,08,46,1,0,0,0,0
1G,08,34,2,0,0,0,0
1G,08,57,1,0,0,0,0
1G,08,34,1,0,0,0,0
1G,07,29,1,0,0,0,0
1G,04,39,1,0,0,0,0
1G,08,46,1,0,0,0,0
1G,08,57,1,0,0,0,0
1G,08,47,1,0,0,0,0
1G,08,43,1,0,0,0,0
1G,08,51,2,0,0,0,0
1G,08,64,1,0,0,0,0
1G,02,29,2,0,0,0,0
1G,08,40,1,0,0,0,0
1G,08,49,1,0,0,0,0
1G,07,39,2,0,0,0,0
1G,08,45,1,0,0,0,0
1G,08,52,1,0,0,0,0
1G,08,44,2,0,0,0,0
1G,08,43,1,0,0,0,0
1G,07,34,2,0,0,0,0
1G,08,63,1,0,0,0,0
1G,08,40,1,0,0,0,0
1G,08,49,1,0,0,0,0
1G,08,38,2,0,0,0,0
1G,08,54,1,0,0,0,0
1G,08,44,2,0,0,0,0
1G,08,40,1,0,0,0,0
1G,08,42,2,0,0,0,0
1G,02,39,1,0,0,0,0
1G,02,28,2,0,0,0,0
1G,08,46,1,0,0,0,0
1G,08,53,1,0,0,0,0
1G,08,43,1,0,0,0,0
1G,08,44,1,0,0,0,0
1G,02,35,2,0,0,0,0
1G,08,60,1,0,0,0,0
1G,04,48,1,0,0,0,0
1G,08,39,1,0,0,0,0
1G,08,52,1,0,0,0,0
1G,04,30,1,0,0,0,0
1G,07,36,1,0,0,0,0
1G,08,36,1,0,0,0,0
1G,08,53,1,0,0,0,0
1G,08,45,1,0,0,0,0
1G,08,50,2,0,0,0,0
1G,08,52,1,0,0,0,0
1G,08,45,1,0,0,0,0
1G,08,45,2,0,0,0,0
1G,04,36,1,0,0,0,0
1G,08,56,1,0,0,0,0
1G,08,53,1,0,0,0,0
1G,08,50,2,0,0,0,0
1G,08,66,1,0,0,0,0
1G,08,44,1,0,0,0,0
1G,08,50,2,0,0,0,0
1G,08,43,1,0,0,0,0
1G,08,36,1,0,0,0,0
1G,08,33,2,0,0,0,0
1G,08,53,2,0,0,0,0
1G,08,37,1,0,0,0,0
1G,08,51,2,0,0,0,0
1G,08,35,1,0,0,0,0
1G,08,33,1,0,0,0,0
1G,08,55,2,0,0,0,0
1G,08,49,1,0,0,0,0
1G,08,52,2,0,0,0,0
1G,08,53,1,0,0,0,0
1G,08,53,1,0,0,0,0
1G,08,32,2,0,0,0,0
1G,08,52,1,0,0,0,0
1G,06,36,1,0,0,0,0
1G,08,36,1,0,0,0,0
1G,08,33,1,0,0,0,0
1G,08,44,1,0,0,0,0
1G,08,34,1,0,0,0,0
1G,08,33,1,0,0,0,0
1G,08,74,2,0,0,0,0
1G,08,47,1,0,0,0,0
1G,08,52,1,0,0,0,0
1G,08,54,2,0,0,0,0
1G,08,48,2,0,0,0,0
1G,08,56,2,0,0,0,0
1G,08,39,1,0,0,0,0
1G,08,49,1,0,0,0,0
1G,07,38,1,0,0,0,0
1G,08,36,1,0,0,0,0
1G,08,29,1,0,0,0,0
1G,08,44,1,0,0,0,0
1G,08,41,1,0,0,0,0
1G,08,49,1,0,0,0,0
1G,06,31,1,0,0,0,0
1G,08,48,1,0,0,0,0
1G,08,56,1,0,0,0,0
1G,08,39,1,0,0,0,0
1G,08,43,1,0,0,0,0
1G,08,51,1,0,0,0,0
1G,07,38,2,0,0,0,0
1G,08,48,1,0,0,0,0
1G,08,45,1,0,0,0,0
1G,08,54,1,0,0,0,0
1G,08,37,2,0,0,0,0
1G,08,49,1,0,0,0,0
1G,08,65,1,0,0,0,0
1G,08,54,1,0,0,0,0
1G,08,47,1,0,0,0,0
1G,08,35,1,0,0,0,0
1G,08,35,1,0,0,0,0
1G,08,49,1,0,0,0,0
1G,08,48,1,0,0,0,0
1G,08,43,2,0,0,0,0
1G,08,47,1,0,0,0,0
1G,08,48,1,0,0,0,0
1G,08,52,1,0,0,0,0
1G,08,37,1,0,0,0,0
1G,08,58,1,0,0,0,0
1G,08,40,1,0,0,0,0
1G,08,42,2,0,0,0,0
1G,04,35,1,0,0,0,0
1G,04,30,2,0,0,0,0
1G,08,45,1,0,0,0,0
1G,08,46,1,0,0,0,0
1G,02,42,2,0,0,0,0
1G,08,30,1,0,0,0,0
1G,08,32,1,0,0,0,0
1G,08,38,1,0,0,0,0
1G,08,54,1,0,0,0,0
1G,08,51,1,0,0,0,0
1G,08,39,1,0,0,0,0
1G,08,31,1,0,0,0,0
1G,08,36,1,0,0,0,0
1G,08,54,2,0,0,0,0
1G,08,41,1,0,0,0,0
1G,08,51,1,0,0,0,0
1G,08,42,1,0,0,0,0
1G,08,37,1,0,0,0,0
1G,08,32,1,0,0,0,0
1G,08,49,1,0,0,0,0
1G,08,55,1,0,0,0,0
1G,08,41,1,0,0,0,0
1G,08,49,1,0,0,0,0
1G,08,62,1,0,0,0,0
1G,08,40,1,0,0,0,0
1G,08,45,1,0,0,0,0
1G,08,32,2,0,0,0,0
1G,08,39,1,1111710,785720,0,0
1G,08,59,1,0,0,0,0
1G,08,59,1,0,0,0,0
1G,08,47,1,0,0,0,0
1G,08,47,1,0,0,0,0
1G,02,30,1,0,0,0,0
1G,08,40,1,0,395860,0,0
1G,08,32,2,0,0,0,0
1G,08,49,1,0,0,0,0
1G,07,31,1,0,0,0,0
1G,04,31,1,0,0,0,0
1G,04,36,1,0,0,0,0
1G,08,54,1,0,0,0,0
1G,06,58,1,0,0,0,0
1G,08,63,1,0,0,0,0
1G,08,56,1,0,0,0,0
1G,08,41,2,0,0,0,0
1G,08,50,1,0,0,0,0
1G,04,34,1,0,0,0,0
1G,08,41,1,0,0,0,0
1G,08,41,1,0,0,0,0
1G,08,44,2,0,0,0,0
1G,08,34,1,0,0,0,0
1G,08,64,1,0,0,0,0
1G,08,44,1,0,0,0,0
1G,08,49,1,0,0,0,0
1G,08,39,1,0,0,0,0
1H,08,41,1,0,0,0,125170
1H,04,31,1,0,0,0,339500
1H,08,45,1,0,0,0,310000
1H,08,56,1,0,0,0,1773200
1H,08,40,2,0,0,0,141600
1H,08,33,1,0,0,0,586000
1H,08,47,1,0,625180,0,561400
1H,08,32,1,0,0,0,3177160
1H,08,61,1,0,0,0,646240
1H,08,51,1,0,0,0,898940
1H,05,56,1,0,0,0,372900
1H,08,56,2,500310,384570,0,720440
1H,04,42,1,0,0,0,271740
1H,08,51,1,0,1700600,576470,10584350
1H,08,49,1,0,0,0,243000
1H,08,50,2,0,0,0,31000
1H,08,54,1,0,350000,0,537750
1H,08,50,1,0,0,0,507410
1H,08,47,1,0,0,0,1253170
1H,08,43,2,0,0,0,250920
1H,08,45,1,400000,1048460,0,444410
1H,08,45,2,626580,306510,0,2945920
1H,05,39,2,0,0,0,971600
1H,08,32,1,0,0,0,46400
1H,08,73,1,0,500000,0,150000
1H,08,49,1,0,0,0,157300
1H,08,31,1,1753200,2377000,0,1900450
1H,08,56,1,0,0,0,310400
1H,08,52,1,0,0,0,400000
1H,08,41,1,0,0,0,184520
1H,08,56,1,0,0,0,282900
1H,08,48,1,0,0,0,250000
1H,08,37,1,0,0,0,352040
1H,08,50,2,0,0,0,550000
1H,08,51,2,0,779770,0,6090000
1H,02,43,2,0,450000,0,79480
1H,02,27,2,0,0,0,391050
1H,08,56,1,0,0,0,450000
1H,08,52,1,0,0,0,197000
1H,08,53,1,0,0,0,4093810
1H,08,35,1,0,0,0,401000
1H,08,64,1,3021550,1333640,0,1157670
1H,04,32,1,0,0,0,1010660
1H,08,50,1,0,0,0,361130
1H,05,30,1,0,0,0,263260
1H,08,57,1,0,0,0,478430
1H,08,50,1,0,0,0,1469300
1H,06,31,1,0,0,0,1734210
1H,08,43,1,0,587700,0,90630
1H,08,64,1,0,0,0,775190
1H,08,52,1,0,0,0,286540
1H,06,29,1,0,0,0,520200
1H,08,45,2,0,0,0,702000
1H,08,49,1,0,0,0,335830
1H,06,40,1,0,0,0,284000
1H,04,41,2,0,0,0,1378680
1H,05,41,2,0,0,0,111080
1H,08,61,2,0,0,0,760000
1H,08,82,1,0,0,0,901930
1H,03,39,1,0,0,0,730290
1H,08,52,1,0,200000,0,478200
1H,08,42,2,0,0,0,20000
1H,08,32,1,0,0,0,309600
1H,05,50,2,0,0,0,469570
1H,06,32,1,0,0,0,612320
1H,04,31,1,0,0,0,118060
1H,06,35,1,0,0,0,157500
1H,04,32,1,0,0,0,252710
1H,08,38,2,0,0,0,199500
1H,04,51,2,0,0,0,1240690
1H,07,30,1,0,0,0,903350
1H,04,32,1,0,0,0,1200000
1H,05,58,1,0,0,0,357200
1H,08,30,1,0,0,0,84000
1H,08,48,1,0,0,0,772180
1H,07,30,1,0,0,0,430380
1H,08,37,1,0,0,0,1712010
1H,08,55,1,0,983170,0,222070
1H,02,33,1,0,0,0,440000
1H,02,26,1,0,0,0,100000
1H,02,31,2,0,0,0,1095470
1H,08,50,2,0,450000,0,100000
1H,08,58,1,0,0,0,230450
1H,07,29,1,0,0,0,265850
1H,08,36,1,0,0,0,1600760
1H,01,25,1,0,237200,0,272820
1H,08,50,1,0,0,0,264670
1H,08,49,1,0,0,0,43800
1H,08,64,1,0,0,0,0
1H,08,53,1,0,0,0,0
1H,04,41,2,0,0,0,0
1H,08,56,1,0,0,0,0
1H,08,50,2,0,0,0,0
1H,08,38,1,0,0,0,0
1H,08,45,1,0,0,0,0
1H,08,45,2,0,0,0,0
1H,03,30,1,0,0,0,0
1H,08,33,1,0,0,0,0
1H,08,38,2,0,0,0,0
1H,08,38,1,0,0,0,0
1H,08,49,1,0,0,0,0
1H,08,44,1,0,0,0,0
1H,04,45,2,0,0,0,0
1H,08,50,1,0,0,0,0
1H,08,33,1,0,0,0,0
1H,08,41,1,0,0,0,0
1H,05,32,1,0,0,0,0
1H,08,45,1,0,0,0,0
1H,08,52,1,0,0,0,0
1H,06,38,1,0,0,0,0
1H,08,46,1,0,0,0,0
1H,08,43,1,0,0,0,0
1H,08,49,1,0,0,0,0
1H,08,43,1,0,0,0,0
1H,08,41,1,0,0,0,0
1H,08,47,1,0,0,0,0
1H,08,39,1,0,0,0,0
1H,08,58,1,0,0,0,0
1H,08,32,2,0,0,0,0
1H,08,46,1,0,0,0,0
1H,08,47,1,0,0,0,0
1H,08,38,1,0,0,0,0
1H,08,50,1,0,0,0,0
1H,08,44,1,0,0,0,0
1H,08,63,1,0,0,0,0
1H,08,51,2,0,0,0,0
1H,02,29,2,0,0,0,0
1H,08,48,1,0,0,0,0
1H,08,43,1,0,0,0,0
1H,06,46,2,0,0,0,0
1H,08,52,2,0,0,0,0
1H,08,60,1,0,0,0,0
1H,08,34,1,0,0,0,0
1H,08,41,1,0,0,0,0
1H,08,49,2,0,0,0,0
1H,04,39,1,0,0,0,0
1H,08,50,1,0,0,0,0
1H,08,35,1,0,0,0,0
1H,08,35,1,0,0,0,0
1H,08,35,1,0,0,0,0
1H,08,50,2,0,0,0,0
1H,08,54,2,0,0,0,0
1H,08,38,2,0,0,0,0
1H,08,49,2,0,0,0,0
1H,06,33,1,0,0,0,0
1H,08,50,1,0,0,0,0
1H,07,34,1,0,0,0,0
1H,08,48,1,0,0,0,0
1H,08,60,1,0,0,0,0
1H,06,29,2,0,0,0,0
1H,08,40,1,0,0,0,0
1H,05,30,1,0,0,0,0
1H,08,47,2,0,0,0,0
1H,08,51,1,0,0,0,0
1H,08,59,1,0,0,0,0
1H,03,58,1,0,0,0,0
1H,08,47,2,0,0,0,0
1H,08,49,1,0,0,0,0
1H,08,49,1,0,0,0,0
1H,08,33,1,0,0,0,0
1H,02,29,1,0,0,0,0
1H,04,28,2,0,0,0,0
1H,05,32,1,0,0,0,0
1H,08,57,1,0,0,0,0
1H,08,52,1,0,0,0,0
1H,08,78,1,0,0,0,0
1H,06,45,1,0,0,0,0
1H,08,57,1,0,0,0,0
1H,08,43,1,0,0,0,0
1H,03,34,2,0,0,0,0
1H,05,28,2,0,0,0,0
1H,08,32,1,0,0,0,0
1H,04,44,2,0,0,0,0
1H,08,51,2,0,0,0,0
1H,08,56,2,0,0,0,0
1H,08,50,1,0,0,0,0
1H,04,56,2,0,0,0,0
1H,08,65,1,0,0,0,0
1H,04,45,2,0,0,0,0
1H,08,46,1,0,0,0,0
1H,08,52,2,0,0,0,0
1H,08,39,1,0,0,0,0
1H,03,30,2,0,0,0,0
1H,08,41,2,0,0,0,0
1H,08,78,1,0,0,0,0
1H,08,47,1,0,0,0,0
1H,08,33,2,0,0,0,0
1H,02,44,2,0,0,0,0
1H,02,30,1,0,0,0,0
1H,04,31,1,0,0,0,0
1H,08,60,1,0,0,0,0
1H,08,40,2,0,0,0,0
1H,08,53,1,0,0,0,0
1H,08,47,1,0,0,0,0
1H,08,42,1,0,0,0,0
1H,05,34,1,0,0,0,0
1H,08,42,1,0,0,0,0
1H,05,41,2,0,0,0,0
1H,08,53,1,0,0,0,0
1H,08,44,1,0,0,0,0
1H,08,48,1,0,0,0,0
1H,08,53,2,0,0,0,0
1H,08,55,1,0,0,0,0
1H,08,45,1,0,0,0,0
1H,08,56,1,0,0,0,0
1H,08,51,1,0,0,0,0
1H,08,63,1,0,0,0,0
1H,08,54,2,0,0,0,0
1H,08,52,1,0,0,0,0
1H,08,44,1,0,0,0,0
1H,08,56,2,0,0,0,0
1H,08,37,1,0,0,0,0
1H,02,35,2,0,0,0,0
1H,08,49,1,0,0,0,0
1H,08,49,1,0,0,0,0
1H,08,34,1,0,0,0,0
1H,06,30,1,0,0,0,0
1H,08,53,1,0,0,0,0
1H,03,30,1,0,0,0,0
1H,08,57,1,0,0,0,0
1H,04,54,2,0,0,0,0
1H,08,32,1,0,0,0,0
1H,02,28,1,0,0,0,0
1H,04,29,1,0,0,0,0
1H,08,45,1,0,0,0,0
1H,08,32,2,0,0,0,0
1H,08,55,1,0,0,0,0
1H,08,62,1,0,0,0,0
1H,08,48,1,0,0,0,0
1H,08,39,2,0,0,0,0
1H,08,43,1,0,0,0,0
1H,08,47,1,0,0,0,0
1H,08,71,1,0,0,0,0
1H,05,47,1,0,0,0,0
1H,03,30,1,0,0,0,0
1H,08,58,1,0,0,0,0
1H,08,39,1,0,0,0,0
1H,08,45,2,0,0,0,0
1H,08,60,1,0,0,0,0
1H,08,54,1,0,0,0,0
1H,08,54,1,0,0,0,0
1H,08,63,1,0,0,0,0
1H,08,35,1,0,0,0,0
1H,08,49,1,0,0,0,0
1H,04,32,1,0,0,0,0
1H,08,37,1,0,0,0,0
1H,08,40,1,0,0,0,0
1H,08,50,1,0,0,0,0
1H,08,42,2,0,0,0,0
1H,08,52,1,0,0,0,0
1H,08,47,1,0,0,0,0
1H,02,27,1,0,0,0,0
1H,07,29,1,0,0,0,0
1H,08,29,2,0,0,0,0
1H,08,46,1,0,0,0,0
1H,02,30,1,0,0,0,0
1H,08,46,2,0,0,0,0
1H,08,65,1,0,0,0,0
1H,08,53,1,0,0,0,0
1H,02,42,2,0,0,0,0
1H,08,49,1,0,0,0,0
1H,08,60,1,0,0,0,0
1H,08,46,1,0,0,0,0
1H,08,56,1,0,0,0,0
1H,04,54,1,0,0,0,0
1H,08,40,1,0,0,0,0
1H,08,61,1,0,0,0,0
1H,08,46,1,0,0,0,0
1H,07,35,2,0,0,0,0
1H,08,43,1,0,0,0,0
1H,08,59,1,0,0,0,0
1H,08,70,1,0,0,0,0
1H,08,45,1,0,0,0,0
1H,08,57,1,0,0,0,0
1H,08,38,1,0,0,0,0
1H,08,50,1,0,0,0,0
1H,08,64,1,0,0,0,0
1H,08,53,1,0,0,0,0
1H,08,41,1,0,0,0,0
1H,08,53,1,0,0,0,0
1H,08,47,1,0,0,0,0
1H,08,52,2,0,0,0,0
1H,02,41,2,0,0,0,0
1H,08,40,1,0,0,0,0
1H,03,28,1,0,0,0,0
1H,08,33,1,0,0,0,0
1H,06,35,1,0,0,0,0
1H,08,49,1,0,0,0,0
1H,05,33,1,0,0,0,0
1H,08,34,1,0,0,0,0
1H,08,59,1,0,0,0,0
1H,08,50,1,0,0,0,0
1H,02,34,1,0,0,0,0
1H,08,53,1,0,0,0,0
1H,08,51,1,0,0,0,0
1H,08,44,1,0,0,0,0
1H,08,56,1,0,0,0,0
1H,03,31,2,0,0,0,0
1H,08,55,1,0,0,0,0
1H,08,55,1,0,0,0,0
1H,08,41,2,0,0,0,0
1H,08,57,1,0,0,0,0
1H,08,57,2,0,0,0,0
1H,08,49,1,0,0,0,0
1H,08,34,1,0,0,0,0
1H,08,35,1,0,0,0,0
1H,08,64,1,0,0,0,0
1H,02,28,1,0,0,0,0
1H,08,41,1,0,0,0,0
1L,08,52,1,0,0,0,866840
1L,08,57,1,0,0,0,2900000
1L,08,73,1,0,0,0,550330
1L,08,46,1,0,0,0,1166320
1L,08,63,1,0,734000,925580,11603520
1L,08,53,2,0,392100,0,955240
1L,08,54,1,0,0,0,519520
1L,08,46,1,0,0,0,969850
1L,08,35,1,0,1432400,0,406600
1L,08,60,1,0,0,0,1382490
1L,08,48,1,0,0,0,837440
1L,08,48,1,0,0,0,550800
1L,08,39,1,0,0,0,1339280
1L,08,59,1,598720,150000,0,234000
1L,08,47,1,0,0,0,3394000
1L,08,56,1,0,0,0,324270
1L,08,49,1,0,0,0,321000
1L,08,51,1,0,0,0,1293900
1L,07,35,1,0,0,0,600000
1L,08,47,1,0,0,0,2518000
1L,08,50,2,2610580,1123210,367710,3090400
1L,08,59,1,0,0,0,51500
1L,08,66,1,0,0,0,160000
1L,08,52,1,0,0,0,11294000
1L,08,43,1,0,0,0,248900
1L,08,43,1,0,0,0,148390
1L,08,56,1,0,0,0,495000
1L,08,56,1,2250250,220000,0,295000
1L,08,45,2,0,0,0,926860
1L,08,51,1,0,0,0,323900
1L,08,50,1,0,0,0,1250410
1L,08,45,1,0,0,0,300000
1L,03,36,2,0,0,0,650000
1L,08,36,1,0,0,0,2059600
1L,02,53,2,0,0,0,145420
1L,08,42,1,0,0,0,542230
1L,08,42,2,0,199000,0,122130
1L,08,35,1,0,0,0,1443670
1L,08,57,1,0,0,0,350000
1L,05,58,2,0,0,0,3735000
1L,08,53,1,0,0,0,98850
1L,08,32,1,2046160,2589020,0,9315620
1L,08,59,1,0,0,0,196450
1L,08,49,2,434950,867600,0,2846000
1L,08,45,2,0,0,0,2079000
1L,08,56,1,0,0,0,289120
1L,08,52,1,0,0,0,1382290
1L,08,79,1,0,0,0,997930
1L,08,60,1,0,328140,0,387710
1L,08,52,1,0,0,0,267280
1L,08,47,1,0,0,0,1028280
1L,08,49,1,0,0,0,190170
1L,08,63,1,0,0,0,913020
1L,08,47,1,0,0,0,207770
1L,08,49,1,0,0,0,498100
1L,08,42,1,0,327340,0,301990
1L,08,44,1,0,0,0,340540
1L,08,59,2,0,0,0,213600
1L,08,67,1,0,0,0,270900
1L,02,38,2,0,0,0,1090600
1L,08,40,1,0,0,0,120000
1L,07,57,1,0,0,0,1979180
1L,08,49,1,0,0,0,918720
1L,08,64,1,0,0,0,307470
1L,08,61,1,1190240,4711000,0,2861500
1L,08,58,1,0,0,0,883860
1L,08,51,2,0,1379880,0,693100
1L,08,47,1,0,0,0,151700
1L,08,44,1,0,0,0,57400
1L,08,52,1,0,0,0,1517190
1L,04,44,2,0,0,0,1951900
1L,03,51,2,0,0,0,850560
1L,08,37,1,0,0,0,2400000
1L,08,55,1,0,0,0,502200
1L,07,52,2,0,0,0,930440
1L,08,47,1,0,0,0,69940
1L,08,35,1,0,0,0,1168200
1L,08,50,1,0,1032840,0,381720
1L,08,49,1,0,0,0,1206830
1L,08,41,1,0,0,0,1001180
1L,07,47,2,0,0,0,394500
1L,05,46,2,0,0,0,560930
1L,08,42,1,0,0,0,258500
1L,08,43,1,0,0,0,1880130
1L,06,53,2,0,0,0,342500
1L,08,54,2,0,0,0,1369490
1L,08,56,2,0,618030,0,450000
1L,08,40,1,0,0,0,384390
1L,08,44,2,0,143140,0,485320
1L,08,61,1,0,0,0,171510
1L,08,49,1,0,0,0,204700
1L,08,48,1,0,0,0,334600
1L,08,54,1,0,0,0,959200
1L,08,42,1,0,0,0,912000
1L,03,31,1,1621070,1130320,0,5067100
1L,08,47,1,0,0,0,235900
1L,07,31,2,0,0,0,640790
1L,08,40,1,0,0,0,1632000
1L,08,48,1,0,0,0,768000
1L,08,46,2,0,0,0,1276000
1L,08,66,1,0,0,0,336710
1L,08,44,1,0,0,0,299000
1L,08,50,1,0,0,0,1272420
1L,07,33,1,0,0,0,685630
1L,08,34,1,0,0,0,1246770
1L,08,44,1,0,0,0,438000
1L,08,57,1,0,1167910,0,438000
1L,04,27,1,0,0,0,226050
1L,08,46,1,0,0,0,1147810
1L,08,56,1,0,500000,0,353870
1L,08,70,1,0,0,0,0
1L,08,38,1,0,0,0,0
1L,08,52,1,0,0,0,0
1L,08,51,1,0,0,0,0
1L,08,49,1,0,0,0,0
1L,08,49,1,0,0,0,0
1L,08,41,1,0,0,0,0
1L,08,49,1,0,0,0,0
1L,08,50,1,0,0,0,0
1L,08,43,1,0,0,0,0
1L,08,38,2,0,0,0,0
1L,08,39,1,0,0,0,0
1L,06,54,1,0,0,0,0
1L,08,61,1,0,0,0,0
1L,08,54,1,0,0,0,0
1L,08,50,1,0,0,0,0
1L,08,50,1,0,0,0,0
1L,08,48,1,0,0,0,0
1L,08,49,1,0,0,0,0
1L,08,58,1,0,0,0,0
1L,08,43,1,0,0,0,0
1L,08,47,1,0,0,0,0
1L,08,62,1,0,0,0,0
1L,08,46,1,0,0,0,0
1L,08,43,1,0,0,0,0
1L,08,58,1,0,0,0,0
1L,08,40,1,0,0,0,0
1L,06,40,1,0,0,0,0
1L,07,35,1,0,0,0,0
1L,08,42,1,0,0,0,0
1L,08,57,1,0,0,0,0
1L,08,46,1,0,0,0,0
1L,08,48,1,0,0,0,0
1L,08,55,1,0,0,0,0
1L,08,37,1,0,0,0,0
1L,08,54,1,0,0,0,0
1L,08,50,1,0,0,0,0
1L,07,43,2,0,0,0,0
1L,08,46,1,0,0,0,0
1L,08,72,2,0,0,0,0
1L,08,40,1,0,0,0,0
1L,08,42,1,0,0,0,0
1L,08,44,1,0,0,0,0
1L,08,41,1,0,0,0,0
1L,08,41,1,0,0,0,0
1L,08,64,1,0,0,0,0
1L,08,51,1,0,0,0,0
1L,08,42,1,0,0,0,0
1L,08,51,1,0,0,0,0
1L,08,44,1,0,0,0,0
1L,08,51,1,0,0,0,0
1L,08,54,1,0,0,0,0
1L,08,58,2,0,0,0,0
1L,06,39,2,0,0,0,0
1L,08,35,2,0,0,0,0
1L,08,34,1,0,0,0,0
1L,04,53,2,0,0,0,0
1L,04,34,2,0,0,0,0
1L,08,44,1,0,0,0,0
1L,08,57,1,0,0,0,0
1L,08,53,1,0,0,0,0
1L,08,49,1,0,0,0,0
1L,08,57,1,0,0,0,0
1L,08,52,1,0,0,0,0
1L,08,49,1,0,0,0,0
1L,08,62,1,0,0,0,0
1L,05,37,1,0,0,0,0
1L,08,51,1,0,0,0,0
1L,08,47,1,0,0,0,0
1L,07,47,2,0,0,0,0
1L,08,50,2,0,0,0,0
1L,07,45,2,0,0,0,0
1L,08,49,1,0,0,0,0
1L,08,51,1,0,0,0,0
1L,08,46,1,0,0,0,0
1L,08,53,1,0,0,0,0
1L,08,44,1,0,0,0,0
1L,08,76,1,0,0,0,0
1L,08,38,1,0,0,0,0
1L,08,50,1,0,0,0,0
1L,08,43,1,0,0,0,0
1L,03,29,2,0,0,0,0
1L,08,51,1,0,0,0,0
1L,08,53,1,0,0,0,0
1L,08,47,1,0,0,0,0
1L,08,42,1,0,0,0,0
1L,08,37,1,0,0,0,0
1L,08,44,1,0,0,0,0
1L,08,40,1,0,0,0,0
1L,08,53,1,0,0,0,0
1L,08,42,2,0,0,0,0
1L,08,52,1,0,0,0,0
1L,08,38,1,0,0,0,0
1L,08,49,1,0,0,0,0
1L,08,40,1,0,0,0,0
1L,08,51,1,0,0,0,0
1L,08,35,1,0,0,0,0
1L,08,45,1,0,0,0,0
1L,08,52,1,0,0,0,0
1L,08,32,2,0,0,0,0
1L,08,44,1,0,0,0,0
1L,08,43,1,0,0,0,0
1L,08,40,1,0,0,0,0
1L,08,49,1,0,0,0,0
1L,06,43,2,0,0,0,0
1L,08,34,1,0,0,0,0
1L,08,57,2,0,0,0,0
1L,03,30,1,0,0,0,0
1L,08,46,1,0,0,0,0
1L,08,53,1,0,0,0,0
1L,02,30,1,0,0,0,0
1L,04,59,2,0,0,0,0
1L,08,56,1,0,0,0,0
1L,08,48,1,0,0,0,0
1L,08,40,1,0,0,0,0
1L,05,37,2,0,0,0,0
1L,08,49,1,0,0,0,0
1L,08,44,1,0,0,0,0
1L,08,39,2,0,0,0,0
1L,08,41,1,0,0,0,0
1L,08,64,1,0,0,0,0
1L,08,59,1,0,0,0,0
1L,08,45,1,0,0,0,0
1L,08,53,1,0,0,0,0
1L,08,38,2,0,0,0,0
1L,08,64,1,0,0,0,0
1L,08,48,1,0,0,0,0
1L,08,44,1,0,0,0,0
1L,08,55,1,0,0,0,0
1L,08,53,1,0,0,0,0
1L,08,58,1,0,0,0,0
1L,08,52,1,0,0,0,0
1L,08,46,1,0,0,0,0
1L,08,61,1,0,0,0,0
1L,05,36,2,0,0,0,0
1L,08,42,2,0,0,0,0
1L,08,52,1,0,0,0,0
1L,08,37,1,0,0,0,0
1L,08,58,1,0,0,0,0
1L,08,43,1,0,0,0,0
1L,08,35,2,0,0,0,0
1L,08,56,1,0,0,0,0
1L,08,68,1,0,0,0,0
1L,08,54,2,0,0,0,0
1L,07,73,2,0,0,0,0
1L,08,42,1,0,0,0,0
1L,08,49,1,0,0,0,0
1L,08,60,1,0,0,0,0
1L,08,50,1,0,0,0,0
1L,08,51,1,0,0,0,0
1L,08,31,1,0,0,0,0
1L,08,67,1,0,0,0,0
1L,08,45,1,0,0,0,0
1L,08,43,1,0,0,0,0
1L,08,70,1,0,0,0,0
1L,08,71,1,0,0,0,0
1L,08,43,1,0,0,0,0
1L,08,64,1,0,0,0,0
1L,08,44,1,0,0,0,0
1L,08,51,1,0,0,0,0
1L,08,44,1,0,0,0,0
1L,03,44,2,0,0,0,0
1L,08,53,1,0,0,0,0
1L,08,66,1,0,0,0,0
1L,08,57,1,0,0,0,0
1L,08,30,1,0,0,0,0
1L,08,53,1,0,0,0,0
1L,08,53,1,0,0,0,0
1L,08,52,2,0,0,0,0
1L,08,48,1,0,0,0,0
1L,08,52,1,0,0,0,0
1L,08,55,1,0,0,0,0
1L,08,49,1,0,0,0,0
1L,08,41,1,0,0,0,0
1M,08,53,1,0,0,0,131000
1M,08,68,2,0,0,0,920000
1M,08,41,1,0,0,0,490000
1M,08,38,1,0,0,0,499700
1M,08,57,1,0,0,0,792000
1M,08,42,1,0,0,0,1496000
1M,08,68,1,0,0,0,207000
1M,08,43,1,0,0,0,300000
1M,08,40,1,0,0,0,2166800
1M,08,52,1,0,0,0,2009630
1M,08,49,1,0,673020,0,1047110
1M,07,43,2,0,0,0,2756000
1M,08,48,1,0,0,0,1474000
1M,08,37,1,0,0,0,2408820
1M,08,45,1,0,557500,0,291560
1M,08,66,2,0,0,0,1240000
1M,08,36,1,0,0,0,1603650
1M,08,42,1,0,0,0,229000
1M,08,42,1,0,0,0,345800
1M,08,58,1,0,0,0,491400
1M,08,58,1,0,0,0,347300
1M,08,56,1,0,0,0,1117600
1M,08,39,2,0,0,0,800000
1M,08,51,1,0,0,0,427000
1M,07,42,1,0,0,0,13730000
1M,08,54,2,0,0,0,248310
1M,08,51,1,0,0,0,837430
1M,08,54,1,0,0,0,1592800
1M,06,41,2,140110,228000,0,12410
1M,08,36,1,0,0,0,430300
1M,08,41,1,0,0,0,152000
1M,08,38,1,0,0,0,514230
1M,08,43,1,0,0,0,770000
1M,08,63,1,463160,1070000,0,368150
1M,08,39,1,0,377800,0,947760
1M,08,52,1,0,0,0,384080
1M,08,43,1,0,661070,0,798980
1M,08,48,1,0,0,0,668000
1M,08,42,1,0,2024700,0,2509970
1M,08,49,1,0,0,0,20000
1M,08,49,1,0,0,0,310000
1M,07,34,1,0,0,0,404800
1M,08,49,1,0,0,0,1320000
1M,02,36,1,0,0,0,147800
1M,08,60,1,0,1130770,0,1465600
1M,08,60,1,0,0,0,836380
1M,07,34,2,698570,2190180,0,27059000
1M,08,40,1,0,0,0,570000
1M,08,45,1,0,0,0,93810
1M,08,49,1,6508610,3116000,0,9335000
1M,08,35,1,0,257160,0,575770
1M,08,38,1,0,0,0,170350
1M,08,49,1,0,0,0,487960
1M,08,42,1,0,0,0,2499960
1M,08,54,1,0,114060,0,50800
1M,08,51,1,0,0,0,1399200
1M,08,51,2,0,1343490,0,491860
1M,08,52,1,0,0,0,1308240
1M,08,66,1,0,0,0,214810
1M,08,49,1,0,0,0,146500
1M,08,74,1,0,0,0,800000
1M,08,66,1,0,480000,0,2316450
1M,08,51,2,0,0,0,603000
1M,08,44,5,290620,0,0,637690
1M,05,36,1,0,0,0,1892000
1M,08,45,1,0,0,0,660000
1M,08,47,2,0,0,0,150000
1M,08,72,1,0,0,0,726770
1M,08,56,2,0,0,0,1137840
1M,08,67,1,0,872760,0,1280000
1M,08,66,1,0,0,0,484000
1M,08,58,1,0,0,0,800000
1M,08,50,1,0,0,0,1157600
1M,08,52,1,0,0,0,341650
1M,08,44,1,0,0,0,1071870
1M,03,25,1,0,1750000,0,32360300
1M,08,49,1,2032650,3400630,0,6990460
1M,08,48,1,0,0,0,141700
1M,08,49,2,0,0,0,1496000
1M,08,53,1,0,0,0,167400
1M,08,43,2,0,0,0,306000
1M,08,61,1,0,0,0,531900
1M,07,42,1,0,0,0,0
1M,08,53,1,0,0,0,0
1M,08,53,1,0,0,0,0
1M,08,49,1,0,0,0,0
1M,07,36,1,0,0,0,0
1M,08,66,1,0,0,0,0
1M,08,50,1,0,0,0,0
1M,08,61,1,0,0,0,0
1M,08,49,1,0,0,0,0
1M,08,58,1,0,0,0,0
1M,08,37,2,0,0,0,0
1M,08,56,1,0,0,0,0
1M,08,43,1,0,0,0,0
1M,05,46,2,0,0,0,0
1M,08,56,1,0,0,0,0
1M,08,38,1,0,0,0,0
1M,08,60,1,0,0,0,0
1M,08,49,1,0,0,0,0
1M,08,62,1,0,0,0,0
1M,08,62,1,0,0,0,0
1M,08,45,1,0,0,0,0
1M,08,58,1,0,0,0,0
1M,08,51,1,0,0,0,0
1M,08,53,1,0,0,0,0
1M,03,40,1,0,0,0,0
1M,08,63,1,0,0,0,0
1M,08,42,1,0,0,0,0
1M,08,65,2,0,0,0,0
1M,08,44,1,0,0,0,0
1M,08,44,2,0,0,0,0
1M,08,60,1,0,0,0,0
1M,08,60,1,0,0,0,0
1M,08,41,1,0,0,0,0
1M,08,46,1,0,0,0,0
1M,08,37,1,0,0,0,0
1M,08,60,1,0,0,0,0
1M,08,49,1,0,0,0,0
1M,08,45,1,0,0,0,0
1M,08,55,1,0,0,0,0
1M,08,51,1,0,0,0,0
1M,08,44,1,0,0,0,0
1M,08,45,1,0,0,0,0
1M,08,36,1,0,0,0,0
1M,08,52,1,0,0,0,0
1M,08,59,1,0,0,0,0
1M,08,55,1,0,0,0,0
1M,08,47,1,0,0,0,0
1M,08,51,1,0,0,0,0
1M,08,47,2,0,0,0,0
1M,08,52,1,0,0,0,0
1M,08,43,1,0,0,0,0
1M,08,38,1,0,0,0,0
1M,08,46,1,0,0,0,0
1M,08,47,1,0,0,0,0
1M,08,46,1,0,0,0,0
1M,08,60,1,0,0,0,0
1M,08,55,1,0,0,0,0
1M,08,47,1,0,0,0,0
1M,08,60,1,0,0,0,0
1M,08,56,1,0,0,0,0
1M,08,58,1,0,0,0,0
1M,08,56,1,0,0,0,0
1M,08,36,1,0,0,0,0
1M,08,41,1,0,0,0,0
1M,08,46,1,0,0,0,0
1M,08,53,1,0,0,0,0
1M,08,48,1,0,0,0,0
1M,08,47,1,0,0,0,0
1M,08,68,1,0,0,0,0
1M,08,66,1,0,0,0,0
1M,08,43,1,0,0,0,0
1M,08,44,1,0,0,0,0
1M,08,56,1,0,0,0,0
1M,08,52,2,0,0,0,0
1M,08,48,2,0,0,0,0
1M,08,38,1,0,0,0,0
1M,08,44,1,0,0,0,0
1M,08,54,1,0,0,0,0
1M,08,49,1,0,0,0,0
1M,08,38,1,0,0,0,0
1M,06,36,2,0,0,0,0
1M,08,50,1,0,0,0,0
1M,08,52,1,0,0,0,0
1M,08,41,2,0,0,0,0
1M,08,52,1,0,0,0,0
1M,08,49,1,0,0,0,0
1M,08,77,1,0,0,0,0
1M,08,46,1,0,0,0,0
1M,08,52,1,0,0,0,0
1M,08,58,1,0,0,0,0
1M,08,38,1,0,0,0,0
1M,08,56,1,0,0,0,0
1M,08,48,1,0,0,0,0
1M,08,52,1,0,0,0,0
1M,08,40,1,0,0,0,0
1M,08,50,1,0,0,0,0
1M,08,54,1,0,0,0,0
1M,08,36,1,0,0,0,0
1M,06,60,1,0,0,0,0
1M,06,60,1,0,0,0,0
1M,08,43,1,0,0,0,0
1M,08,49,1,0,0,0,0
1M,08,50,1,0,0,0,0
1M,08,49,1,0,0,0,0
1M,08,49,1,0,0,0,0
1M,08,51,1,0,0,0,0
1M,08,43,1,0,0,0,0
1M,08,36,1,0,0,0,0
1M,08,49,1,0,0,0,0
1M,08,47,1,0,0,0,0
1M,08,57,1,0,0,0,0
1M,08,53,1,0,0,0,0
1M,08,41,1,0,0,0,0
1M,08,49,1,0,0,0,0
1M,08,46,1,0,0,0,0
1M,08,44,1,0,0,0,0
1M,08,56,1,0,0,0,0
1M,08,70,1,0,0,0,0
1M,08,41,1,0,0,0,0
1M,08,47,1,0,0,0,0
1M,05,44,1,0,0,0,0
1M,08,50,1,0,0,0,0
1M,08,53,1,0,0,0,0
1M,08,50,1,0,0,0,0
1M,08,46,2,0,0,0,0
1M,08,41,1,0,0,0,0
1N,08,45,1,0,0,0,1344320
1N,08,52,2,0,427380,0,399000
1N,08,57,1,0,221280,0,161780
1N,08,56,1,0,0,0,0
1N,08,40,1,0,0,0,0
1N,08,45,1,0,0,0,0
1N,08,43,1,0,0,0,0
1N,08,38,1,0,0,0,0
1N,08,46,1,0,0,0,0
1N,04,52,2,0,0,0,0
1N,08,47,1,0,0,0,0
1N,08,49,1,0,0,0,0
1N,08,48,1,0,0,0,0
1N,08,66,1,0,0,0,0
1N,08,43,1,0,0,0,0
1N,04,43,2,0,0,0,0
1N,04,51,2,0,0,0,0
1N,08,37,1,0,0,0,0
1N,08,45,1,0,0,0,0
1N,08,43,2,0,0,0,0
1N,08,62,1,0,0,0,0
1N,08,56,1,0,0,0,0
1N,08,45,2,0,0,0,0
1N,08,49,1,0,0,0,0
1N,08,38,1,0,0,0,0
1N,08,54,2,0,0,0,0
1N,08,50,1,0,0,0,0
1N,08,45,1,0,0,0,0
1N,04,31,1,0,0,0,0
1P,05,33,1,0,0,0,754000
1P,08,50,1,0,0,0,143000
1P,08,65,1,300000,674440,0,1092840
1P,08,40,1,0,0,0,554490
1P,08,61,1,0,0,0,834420
1P,08,72,1,0,0,0,125160
1P,08,55,2,0,0,0,550000
1P,08,44,2,0,0,0,257200
1P,08,49,1,0,0,0,100700
1P,05,56,1,0,0,0,838640
1P,08,50,1,0,0,0,600000
1P,08,55,1,0,0,0,2625780
1P,08,39,2,0,0,0,416000
1P,08,59,1,0,0,0,829220
1P,08,60,1,0,0,0,1217250
1P,08,37,1,0,298470,0,878060
1P,08,48,1,0,0,0,328000
1P,08,46,1,0,500180,0,715650
1P,08,36,1,0,0,0,376000
1P,08,50,1,300000,150000,0,136510
1P,03,29,1,0,0,0,696470
1P,08,47,1,0,0,0,838970
1P,08,45,1,0,442230,0,1076570
1P,08,59,1,0,0,0,1524950
1P,08,59,1,0,0,0,5196250
1P,08,57,2,0,0,0,281540
1P,08,51,1,800000,2365770,0,2476210
1P,08,36,1,0,0,2223240,606060
1P,08,75,2,0,0,0,310270
1P,08,49,1,0,150000,0,183580
1P,08,38,1,0,0,0,318000
1P,04,39,2,0,0,0,1527920
1P,08,59,1,0,0,0,311200
1P,08,42,1,3471600,3032650,0,1467900
1P,08,39,1,0,700000,1400000,6840000
1P,08,37,1,0,900880,0,700000
1P,08,54,1,0,0,0,295000
1P,08,58,1,0,589930,0,130000
1P,08,53,1,0,0,0,633310
1P,08,43,2,0,948990,0,297760
1P,08,56,1,0,0,0,89610
1P,08,52,1,0,0,0,825260
1P,08,52,1,0,0,0,269890
1P,08,53,1,0,0,0,571670
1P,08,37,1,0,0,0,450000
1P,08,62,2,0,0,0,42200
1P,08,44,1,0,0,0,808140
1P,08,49,1,0,0,0,536120
1P,08,61,1,0,890000,0,107450
1P,08,69,2,0,0,0,357000
1P,08,43,2,0,0,0,286780
1P,08,38,1,0,0,0,1526480
1P,08,60,1,800000,325000,0,150000
1P,08,52,1,0,0,0,1152800
1P,08,52,2,0,0,0,512800
1P,05,29,1,0,0,0,760000
1P,08,66,1,0,0,0,225710
1P,08,35,1,0,0,0,588000
1P,08,59,1,0,0,0,686650
1P,08,44,1,2741040,1033000,0,530970
1P,08,43,2,0,0,0,657510
1P,08,54,1,0,0,0,385100
1P,08,42,1,0,0,0,713000
1P,08,42,1,0,0,0,161490
1P,08,48,2,0,0,0,235700
1P,08,48,1,0,0,0,63000
1P,08,64,1,0,1640040,0,550500
1P,08,44,1,0,0,0,1360000
1P,02,28,2,0,0,0,1392830
1P,08,52,1,0,0,0,480800
1P,08,55,1,0,0,0,85150
1P,08,62,1,0,0,0,419000
1P,08,41,2,0,430000,0,150000
1P,08,57,1,0,0,0,716900
1P,08,47,2,0,0,0,513570
1P,06,32,1,0,0,0,227970
1P,08,49,2,0,0,0,968820
1P,08,49,1,0,0,0,370700
1P,08,56,1,0,413280,0,230250
1P,08,56,2,0,270000,0,800220
1P,08,55,1,800000,1668800,0,188000
1P,08,50,2,0,640630,0,964370
1P,08,60,1,0,0,0,193780
1P,08,75,1,0,0,0,1801670
1P,02,43,2,0,0,0,139900
1P,08,41,1,0,0,0,539800
1P,08,33,1,0,384780,0,576240
1P,08,53,1,0,0,0,475600
1P,08,67,1,0,0,0,1372500
1P,08,52,2,0,779740,0,779360
1P,08,63,2,0,0,0,550000
1P,08,37,1,0,0,0,1096000
1P,08,61,1,0,1002000,0,264940
1P,08,49,1,0,0,0,647000
1P,06,31,1,0,0,0,1204370
1P,08,64,1,0,0,0,188610
1P,08,35,2,0,0,0,650000
1P,08,41,1,0,613000,0,50000
1P,08,38,1,0,0,0,105000
1P,08,53,1,0,0,0,50000
1P,04,57,2,0,7720000,0,433100
1P,08,52,1,0,0,0,359200
1P,04,27,1,0,0,0,930640
1P,08,47,1,0,0,0,504000
1P,08,41,1,0,0,0,122000
1P,08,38,2,0,0,0,1339920
1P,08,60,2,0,0,0,832000
1P,05,29,1,0,450000,0,270000
1P,08,50,1,0,0,0,600000
1P,08,55,1,0,0,0,937340
1P,08,57,1,0,0,0,150000
1P,08,51,1,0,0,0,207740
1P,08,33,1,800000,1730000,0,4056280
1P,08,60,1,0,0,0,172500
1P,08,47,1,0,0,0,836000
1P,08,48,2,0,0,0,1164240
1P,08,34,2,0,625290,0,471810
1P,08,47,1,0,0,0,1358730
1P,08,50,1,0,667220,0,486410
1P,08,57,1,0,0,0,200000
1P,08,42,1,0,0,0,1556720
1P,08,68,1,0,0,0,644300
1P,03,41,2,800000,1481850,0,197350
1P,08,42,1,0,0,0,1232000
1P,08,33,2,0,0,0,628100
1P,08,34,1,0,0,0,141000
1P,08,50,1,0,0,0,1733600
1P,08,60,2,0,0,0,217310
1P,06,27,1,0,0,0,1353600
1P,08,51,1,0,0,0,955920
1P,07,50,2,0,0,0,625200
1P,08,53,2,0,0,0,1447200
1P,04,69,2,0,0,0,1836100
1P,06,33,1,0,0,0,913660
1P,08,58,1,0,0,0,550840
1P,08,57,2,0,0,0,230000
1P,08,36,1,0,0,0,121900
1P,08,46,1,0,0,0,832000
1P,08,44,1,0,0,0,534480
1P,08,45,2,0,5370250,0,3765980
1P,08,58,2,0,0,0,339000
1P,04,73,1,0,0,0,1456800
1P,08,35,2,0,0,0,826240
1P,08,52,1,0,0,0,1204880
1P,05,29,1,0,0,0,550000
1P,04,33,2,0,286100,0,499270
1P,04,29,1,0,0,0,354070
1P,08,63,1,0,0,0,437010
1P,08,56,1,0,0,0,550000
1P,08,43,1,0,0,0,2562300
1P,06,33,1,0,7227000,0,131600
1P,08,56,1,0,0,0,717740
1P,08,37,1,0,0,0,320850
1P,02,55,2,5402840,1992370,0,400000
1P,04,56,2,0,0,0,300000
1P,04,50,2,0,0,0,1020800
1P,08,56,2,0,0,0,876910
1P,08,60,2,0,0,0,2010000
1P,08,43,2,0,0,0,251900
1P,08,50,2,0,0,0,581440
1P,08,58,1,0,0,0,400000
1P,02,28,1,0,0,1417210,8386920
1P,08,44,1,0,0,0,927420
1P,08,51,1,0,0,0,252000
1P,08,48,1,0,1400000,0,185290
1P,08,46,2,0,0,0,308000
1P,08,53,2,0,0,0,184400
1P,05,32,1,0,0,0,275900
1P,08,49,1,0,0,0,4538060
1P,08,54,1,0,380000,0,789500
1P,08,61,1,0,0,0,1251940
1P,04,33,1,0,0,0,638400
1P,08,35,1,0,0,0,439820
1P,08,62,1,0,2182070,0,738720
1P,08,40,1,0,0,0,32650
1P,03,29,1,0,1593080,0,1100970
1P,08,28,1,0,0,0,880490
1P,01,30,2,0,0,0,396000
1P,08,53,1,0,0,0,12900
1P,04,31,1,0,0,0,392400
1P,03,52,2,718590,497680,0,100000
1P,08,59,1,0,0,0,50000
1P,08,48,1,0,0,0,196000
1P,08,66,1,0,0,0,1183660
1P,08,43,1,0,0,0,350700
1P,08,42,1,0,0,0,149800
1P,08,57,1,0,1900000,0,2570760
1P,08,53,1,0,0,0,1188000
1P,02,43,2,0,0,0,4920000
1P,08,35,1,0,0,0,80000
1P,08,60,1,0,1312310,0,150000
1P,08,59,1,0,0,0,546400
1P,08,50,1,0,0,0,827580
1P,08,44,1,0,0,0,332180
1P,08,35,1,0,0,0,976980
1P,08,39,2,0,0,0,361000
1P,08,52,1,0,0,0,80500
1P,08,49,1,0,0,0,406270
1P,01,35,2,0,0,0,51500
1P,08,73,1,0,0,0,0
1P,08,55,1,0,0,0,0
1P,08,41,1,0,0,0,0
1P,08,67,1,0,0,0,0
1P,08,51,1,0,0,0,0
1P,08,56,1,0,0,0,0
1P,08,49,1,0,0,0,0
1P,08,53,1,0,0,0,0
1P,08,40,1,0,0,0,0
1P,08,40,1,0,0,0,0
1P,08,40,1,0,0,0,0
1P,08,48,2,0,0,0,0
1P,08,51,2,0,0,0,0
1P,08,49,1,0,0,0,0
1P,08,49,1,0,0,0,0
1P,02,22,1,0,0,0,0
1P,08,44,1,0,0,0,0
1P,08,47,1,0,0,0,0
1P,04,28,2,0,0,0,0
1P,04,28,2,0,0,0,0
1P,05,46,1,0,0,0,0
1P,07,36,1,0,0,0,0
1P,03,25,1,0,0,0,0
1P,08,57,1,0,0,0,0
1P,08,53,1,0,0,0,0
1P,08,58,1,0,0,0,0
1P,08,66,1,0,0,0,0
1P,08,50,1,0,0,0,0
1P,08,48,1,0,0,0,0
1P,08,58,1,0,0,0,0
1P,08,44,1,0,0,0,0
1P,08,44,1,0,0,0,0
1P,08,38,1,0,0,0,0
1P,08,50,1,0,0,0,0
1P,06,44,2,0,0,0,0
1P,08,39,1,0,0,0,0
1P,08,50,1,0,0,0,0
1P,08,58,1,0,0,0,0
1P,08,52,1,0,0,0,0
1P,08,45,1,0,0,0,0
1P,08,45,1,0,0,0,0
1P,08,67,1,0,0,0,0
1P,08,66,1,0,0,0,0
1P,08,71,1,0,0,0,0
1P,08,40,1,0,0,0,0
1P,08,43,1,0,0,0,0
1P,04,29,1,0,0,0,0
1P,08,63,1,0,0,0,0
1P,08,41,1,0,0,0,0
1P,06,52,1,0,0,0,0
1P,08,72,1,0,0,0,0
1P,08,41,1,0,0,0,0
1P,08,39,1,0,0,0,0
1P,08,46,1,0,0,0,0
1P,07,42,2,0,0,0,0
1P,08,54,1,0,0,0,0
1P,08,49,1,0,0,0,0
1P,08,50,1,0,0,0,0
1P,08,50,1,0,0,0,0
1P,08,67,2,0,0,0,0
1P,08,32,1,0,0,0,0
1P,08,53,1,0,0,0,0
1P,08,52,1,0,0,0,0
1P,08,62,1,0,0,0,0
1P,08,55,1,0,0,0,0
1P,08,46,1,0,0,0,0
1P,08,32,1,0,0,0,0
1P,08,47,1,0,0,0,0
1P,08,48,2,0,0,0,0
1P,08,46,2,0,0,0,0
1P,08,36,1,0,0,0,0
1P,08,47,1,0,0,0,0
1P,08,40,1,0,0,0,0
1P,08,57,1,0,0,0,0
1P,08,56,1,0,0,0,0
1P,06,47,1,0,0,0,0
1P,08,49,2,0,0,0,0
1P,08,49,2,0,0,0,0
1P,08,49,1,0,0,0,0
1P,05,32,2,0,0,0,0
1P,08,40,1,0,0,0,0
1P,08,38,1,0,0,0,0
1P,08,39,1,0,0,0,0
1P,08,46,1,0,0,0,0
1P,07,35,1,0,0,0,0
1P,08,52,2,0,0,0,0
1P,08,50,1,0,0,0,0
1P,08,47,1,0,0,0,0
1P,08,52,1,0,0,0,0
1P,08,38,1,0,0,0,0
1P,06,31,1,0,0,0,0
1P,08,47,1,0,0,0,0
1P,05,33,1,0,0,0,0
1P,08,60,1,0,0,0,0
1P,08,55,1,0,0,0,0
1P,08,71,1,0,0,0,0
1P,08,38,1,0,0,0,0
1P,08,50,1,0,0,0,0
1P,04,43,2,0,0,0,0
1P,08,42,2,0,0,0,0
1P,05,29,1,0,0,0,0
1P,05,31,1,0,0,0,0
1P,08,61,1,0,0,0,0
1P,08,61,1,0,0,0,0
1P,08,55,1,0,0,0,0
1P,08,28,2,0,0,0,0
1P,08,47,1,0,0,0,0
1P,08,53,1,0,0,0,0
1P,08,35,1,0,0,0,0
1P,07,46,2,0,0,0,0
1P,03,40,1,0,0,0,0
1P,06,34,1,0,0,0,0
1P,08,70,1,0,0,0,0
1P,08,61,1,0,0,0,0
1P,08,68,1,0,0,0,0
1P,03,29,1,0,0,0,0
1P,08,53,1,0,0,0,0
1P,08,62,1,0,0,0,0
1P,08,59,1,0,0,0,0
1P,08,44,2,0,0,0,0
1P,05,27,2,0,0,0,0
1P,07,68,1,0,0,0,0
1P,08,46,1,0,0,0,0
1P,08,46,2,0,0,0,0
1P,03,27,1,0,0,0,0
1P,08,32,2,0,0,0,0
1P,08,49,1,0,0,0,0
1P,06,38,2,0,0,0,0
1P,08,40,1,0,0,0,0
1P,08,58,2,0,0,0,0
1P,08,40,1,0,0,0,0
1P,08,55,1,0,0,0,0
1P,08,82,1,0,0,0,0
1P,08,55,2,0,0,0,0
1P,08,53,1,0,0,0,0
1P,08,64,1,0,0,0,0
1P,08,38,1,0,0,0,0
1P,08,63,1,0,0,0,0
1P,08,42,1,0,0,0,0
1P,08,49,1,0,0,0,0
1P,08,30,1,0,0,0,0
1P,08,48,1,0,0,0,0
1P,08,43,1,0,0,0,0
1P,08,62,1,0,0,0,0
1P,08,72,1,0,0,0,0
1P,08,34,1,0,0,0,0
1P,08,51,1,0,0,0,0
1P,08,52,1,0,0,0,0
1P,08,48,2,0,0,0,0
1P,08,36,1,0,0,0,0
1P,04,44,1,0,0,0,0
1P,08,58,1,0,0,0,0
1P,08,49,1,0,0,0,0
1P,08,38,2,0,0,0,0
1P,08,62,1,0,0,0,0
1P,08,47,2,0,0,0,0
1P,08,40,2,0,0,0,0
1P,02,50,2,0,0,0,0
1P,07,32,1,0,0,0,0
1P,08,51,1,0,0,0,0
1P,05,53,2,0,0,0,0
1P,08,45,2,0,0,0,0
1P,08,50,1,0,0,0,0
1P,08,44,1,0,0,0,0
1P,08,45,1,0,0,0,0
1P,08,42,1,0,0,0,0
1P,08,47,2,0,0,0,0
1P,08,35,1,0,0,0,0
1P,08,47,1,0,0,0,0
1P,08,35,1,0,0,0,0
1P,03,28,1,0,0,0,0
1P,08,38,1,0,0,0,0
1P,05,29,2,0,0,0,0
1P,08,66,1,0,0,0,0
1P,08,54,1,0,0,0,0
1P,08,55,1,0,0,0,0
1P,08,48,1,0,0,0,0
1P,07,51,1,0,0,0,0
1P,08,44,2,0,0,0,0
1P,08,46,1,0,0,0,0
1P,05,37,2,0,0,0,0
1P,08,52,1,0,0,0,0
1P,08,46,1,0,0,0,0
1P,08,32,2,0,0,0,0
1P,08,68,1,0,0,0,0
1P,04,49,2,0,0,0,0
1P,08,52,1,0,0,0,0
1P,08,52,1,0,0,0,0
1P,08,44,1,0,0,0,0
1P,08,57,1,0,0,0,0
1P,08,59,1,0,0,0,0
1P,08,59,1,0,0,0,0
1P,07,33,1,0,0,0,0
1P,08,38,2,0,0,0,0
1P,08,78,1,0,0,0,0
1P,08,78,1,0,0,0,0
1P,08,59,1,0,0,0,0
1P,08,43,1,0,0,0,0
1P,08,55,1,0,0,0,0
1P,08,46,1,0,0,0,0
1P,08,46,1,0,0,0,0
1P,08,52,1,0,0,0,0
1P,08,58,2,0,0,0,0
1P,08,48,2,0,0,0,0
1P,08,35,1,0,0,0,0
1P,08,49,1,0,0,0,0
1P,04,32,1,0,0,0,0
1P,08,46,1,0,0,0,0
1P,08,49,1,0,0,0,0
1P,08,43,1,0,0,0,0
1P,06,46,2,0,0,0,0
1P,08,40,1,0,0,0,0
1P,08,44,1,0,0,0,0
1P,08,62,1,0,0,0,0
1P,08,69,1,0,0,0,0
1P,08,70,2,0,0,0,0
1P,08,52,2,0,0,0,0
1P,08,50,1,0,0,0,0
1P,08,61,1,0,0,0,0
1P,08,39,1,0,0,0,0
1P,08,44,2,0,0,0,0
1P,06,31,1,0,0,0,0
1P,06,31,1,0,0,0,0
1P,08,44,2,0,0,0,0
1P,08,47,1,0,0,0,0
1P,08,49,1,0,0,0,0
1P,08,44,1,0,0,0,0
1P,08,63,1,0,0,0,0
1P,08,53,1,0,0,0,0
1P,08,35,1,0,0,0,0
1P,06,43,1,0,0,0,0
1P,06,43,1,0,0,0,0
1P,08,54,1,0,0,0,0
1P,03,91,1,0,0,0,0
1P,08,43,1,0,0,0,0
1P,08,36,1,0,0,0,0
1P,04,44,2,0,0,0,0
1P,06,37,1,0,0,0,0
1P,08,34,1,0,0,0,0
1P,08,47,2,0,0,0,0
1P,08,45,1,0,0,0,0
1P,08,45,1,0,0,0,0
1P,08,43,2,0,0,0,0
1P,08,42,1,0,0,0,0
1P,08,38,1,0,0,0,0
1P,08,38,1,0,0,0,0
1P,08,51,1,0,0,0,0
1P,05,56,2,0,0,0,0
1P,08,50,1,0,0,0,0
1P,08,66,1,0,0,0,0
1P,08,32,1,0,0,0,0
1P,08,60,1,0,0,0,0
1P,02,47,2,0,0,0,0
1P,04,38,2,0,0,0,0
1P,08,48,1,0,0,0,0
1P,04,30,1,0,0,0,0
1P,08,46,1,0,0,0,0
1P,08,39,1,0,0,0,0
1P,08,43,1,0,0,0,0
1P,08,52,1,0,0,0,0
1P,08,44,1,0,0,0,0
1P,08,44,1,0,0,0,0
1P,08,57,1,0,0,0,0
1P,08,41,1,0,0,0,0
1P,08,32,1,0,0,0,0
1P,08,67,2,0,0,0,0
1P,08,40,1,0,0,0,0
1P,08,61,1,0,0,0,0
1P,08,52,1,0,0,0,0
1P,07,46,1,0,0,0,0
1P,08,55,1,0,0,0,0
1P,08,39,1,0,0,0,0
1P,08,56,1,0,0,0,0
1P,08,53,1,0,0,0,0
1P,08,55,1,0,0,0,0
1P,08,50,2,0,0,0,0
1P,08,48,1,0,0,0,0
1P,08,53,1,0,0,0,0
1P,08,69,1,0,0,0,0
1P,08,48,1,0,0,0,0
1P,07,53,1,0,0,0,0
1P,08,43,1,0,0,0,0
1P,08,54,1,0,0,0,0
1P,08,54,1,0,0,0,0
1P,08,33,2,0,0,0,0
1P,08,40,1,0,0,0,0
1P,08,49,1,0,0,0,0
1P,08,44,1,0,0,0,0
1P,08,68,1,0,0,0,0
1P,08,66,1,0,0,0,0
1P,03,34,1,0,0,0,0
1P,08,49,1,0,0,0,0
1P,08,54,1,0,0,0,0
1P,06,46,2,0,0,0,0
1P,08,36,1,0,0,0,0
1P,04,28,2,0,0,0,0
1P,08,48,1,0,0,0,0
1P,08,45,1,0,0,0,0
1P,08,29,1,0,0,0,0
1P,08,52,2,0,0,0,0
1P,08,33,1,0,0,0,0
1P,08,66,1,0,0,0,0
1P,08,48,2,0,0,0,0
1P,08,39,1,0,0,0,0
1P,08,51,1,0,0,0,0
1P,08,40,1,0,0,0,0
1P,08,53,1,0,0,0,0
1P,01,60,2,0,0,0,0
1P,08,37,1,0,0,0,0
1P,08,59,1,0,0,0,0
1P,08,39,1,0,0,0,0
1P,08,54,1,0,0,0,0
1P,08,44,1,0,0,0,0
1P,08,61,1,0,0,0,0
1P,08,59,2,0,0,0,0
1P,08,56,1,0,0,0,0
1P,08,56,1,0,0,0,0
1P,08,33,2,0,0,0,0
1P,08,48,1,0,0,0,0
1P,08,56,1,0,0,0,0
1P,08,47,1,0,0,0,0
1P,08,53,1,0,0,0,0
1P,08,37,1,0,0,0,0
1P,08,34,1,0,0,0,0
1P,08,51,1,0,0,0,0
1P,06,64,2,0,0,0,0
1P,06,64,2,0,0,0,0
1P,08,75,2,0,0,0,0
1P,06,34,1,0,0,0,0
1P,08,36,2,0,0,0,0
1P,08,57,2,0,0,0,0
1P,08,48,2,0,0,0,0
1P,08,42,1,0,0,0,0
1P,08,44,1,0,0,0,0
1P,08,46,1,0,0,0,0
1P,08,39,1,0,0,0,0
1P,08,41,2,0,0,0,0
1P,08,35,1,0,0,0,0
1P,08,51,2,0,0,0,0
1P,08,59,1,0,0,0,0
1P,08,42,1,0,0,0,0
1P,08,39,1,0,0,0,0
1P,05,31,2,0,0,0,0
1P,08,58,1,0,0,0,0
1P,08,56,1,0,0,0,0
1P,08,55,1,0,0,0,0
1P,08,54,1,0,0,0,0
1P,08,56,1,0,0,0,0
1P,08,57,1,0,0,0,0
1P,08,48,1,0,0,0,0
1P,02,45,1,0,0,0,0
1P,05,37,2,0,0,0,0
1P,08,49,1,0,0,0,0
1P,08,55,1,0,0,0,0
1P,08,42,1,0,0,0,0
1P,08,46,1,0,0,0,0
1P,08,47,1,0,0,0,0
1P,08,37,1,0,0,0,0
1P,08,58,1,0,0,0,0
1P,07,36,2,0,0,0,0
1P,08,36,1,0,0,0,0
1P,08,38,1,0,0,0,0
1P,05,40,1,0,0,0,0
1P,08,41,1,0,0,0,0
1P,08,62,1,0,0,0,0
1P,08,45,1,0,0,0,0
1P,08,45,1,0,0,0,0
1P,08,67,1,0,0,0,0
1P,08,36,1,0,0,0,0
1P,08,36,1,0,0,0,0
1P,08,48,1,0,0,0,0
1P,08,66,1,0,0,0,0
1P,08,66,1,0,0,0,0
1P,08,37,2,0,0,0,0
1P,08,51,1,0,0,0,0
1P,08,40,1,0,0,0,0
1P,08,30,1,0,0,0,0
1P,08,53,1,0,0,0,0
1P,08,53,1,0,0,0,0
1P,08,46,1,0,0,0,0
1P,08,46,1,0,0,0,0
1P,08,60,1,0,0,0,0
1P,08,54,2,0,0,0,0
1P,08,57,1,0,0,0,0
1P,02,51,1,0,0,0,0
1P,08,36,1,0,0,0,0
1P,08,42,2,0,0,0,0
1P,08,49,1,0,0,0,0
1P,08,69,1,0,0,0,0
1P,08,33,1,0,0,0,0
1P,08,44,1,0,0,0,0
1P,08,71,1,0,0,0,0
1P,08,63,1,0,0,0,0
1P,05,30,1,0,0,0,0
1P,08,51,1,0,0,0,0
1P,08,43,1,0,0,0,0
1P,08,49,1,0,0,0,0
1P,08,34,1,0,0,0,0
1P,08,47,1,0,0,0,0
1P,03,51,2,0,0,0,0
1P,08,65,1,0,0,0,0
1P,08,42,1,0,0,0,0
1P,08,43,1,0,0,0,0
1P,06,31,1,0,0,0,0
1P,08,54,1,0,0,0,0
1P,08,42,2,0,0,0,0
1P,08,56,1,0,0,0,0
1P,08,53,1,0,0,0,0
1P,03,29,1,0,0,0,0
1P,08,38,1,0,0,0,0
1P,08,38,1,0,0,0,0
1P,08,37,1,0,0,0,0
1P,08,58,1,0,0,0,0
1P,08,42,2,0,0,0,0
1P,08,37,1,0,0,0,0
1P,08,39,1,0,0,0,0
1P,08,45,1,0,0,0,0
1P,08,62,2,0,0,0,0
1P,08,39,1,0,0,0,0
1P,07,59,1,0,0,0,0
1P,06,29,1,0,0,0,0
1P,06,29,1,0,0,0,0
1P,08,62,1,0,0,0,0
1P,08,39,1,0,0,0,0
1P,08,49,1,0,0,0,0
1P,08,36,1,0,0,0,0
1P,07,49,2,0,0,0,0
1P,08,54,2,0,0,0,0
1P,08,54,2,0,0,0,0
1P,08,49,1,0,0,0,0
1P,07,26,1,0,0,0,0
1P,08,48,1,0,0,0,0
1P,08,49,1,0,0,0,0
1P,08,37,1,0,0,0,0
1P,08,54,1,0,0,0,0
1P,08,43,1,0,0,0,0
1P,08,42,1,0,0,0,0
1P,03,32,2,0,0,0,0
1P,08,41,1,0,0,0,0
1P,08,49,1,0,0,0,0
1P,08,56,1,0,0,0,0
1P,08,50,2,0,0,0,0
1P,08,54,1,0,0,0,0
1P,08,57,1,0,0,0,0
1P,08,43,1,0,0,0,0
1P,08,53,1,0,0,0,0
1P,08,37,1,0,0,0,0
1P,08,38,1,0,0,0,0
1P,08,44,1,0,0,0,0
1P,08,63,2,0,0,0,0
1P,08,50,1,0,0,0,0
1P,08,50,1,0,0,0,0
1P,08,45,1,0,0,0,0
1P,08,55,1,0,0,0,0
1P,08,59,1,0,0,0,0
1P,08,65,2,0,0,0,0
1P,08,45,1,0,0,0,0
1P,04,51,1,0,0,0,0
1P,08,34,1,0,0,0,0
1P,08,36,1,0,0,0,0
1P,08,38,1,0,0,0,0
1P,08,48,1,0,0,0,0
1P,08,47,1,0,0,0,0
1P,08,63,1,0,0,0,0
1P,08,40,1,0,0,0,0
1P,08,63,1,0,0,0,0
1P,04,31,1,0,0,0,0
1P,08,39,1,0,0,0,0
1P,08,50,1,0,0,0,0
1P,08,44,1,0,0,0,0
1P,08,40,2,0,0,0,0
1P,03,32,5,0,0,0,0
1P,08,41,1,0,0,0,0
1P,08,39,1,0,0,0,0
1P,08,53,2,0,0,0,0
1P,08,47,1,0,0,0,0
1P,08,43,1,0,0,0,0
1P,08,40,1,0,0,0,0
1P,07,52,1,0,0,0,0
1P,08,52,1,0,0,0,0
1P,08,41,1,0,0,0,0
1P,08,50,1,0,0,0,0
1P,08,47,1,0,0,0,0
1P,08,51,1,0,0,0,0
1P,08,56,2,0,0,0,0
1P,08,49,1,0,0,0,0
1P,08,41,1,0,0,0,0
1P,08,41,1,0,0,0,0
1P,08,59,1,0,0,0,0
1P,08,67,1,0,0,0,0
1P,08,61,1,0,0,0,0
1P,02,33,2,0,0,0,0
1P,08,50,1,0,0,0,0
1P,08,41,2,0,0,0,0
1P,08,41,2,0,0,0,0
1P,08,36,1,0,0,0,0
1P,08,53,1,0,0,0,0
1P,06,39,1,0,0,0,0
1P,08,45,1,0,0,0,0
1P,06,49,2,0,0,0,0
1P,08,57,2,0,0,0,0
1P,08,68,1,0,0,0,0
1P,02,26,1,0,0,0,0
1P,07,32,1,0,0,0,0
1P,07,34,2,0,0,0,0
1P,08,56,1,0,0,0,0
1P,08,40,1,0,0,0,0
1P,08,46,1,0,0,0,0
1P,08,55,1,0,0,0,0
1P,05,52,1,0,0,0,0
29,05,28,1,0,0,0,42000
29,08,59,2,0,0,0,586900
29,08,52,1,0,0,0,828550
29,08,62,1,4593730,326220,0,256650
29,08,43,1,0,0,0,350000
29,08,50,2,0,0,0,97230
29,08,30,1,0,0,0,936000
29,08,41,1,313000,410000,0,925680
29,08,41,2,0,0,0,349950
29,08,56,1,1600000,1153330,0,292420
29,08,51,1,0,0,0,1248000
29,08,40,1,0,0,0,1643200
29,08,48,1,0,300000,0,500000
29,08,49,1,0,0,0,0
29,08,43,1,0,0,0,0
29,08,39,1,0,0,0,0
29,08,46,1,0,0,0,0
29,08,65,1,0,0,0,0
29,08,54,1,0,0,0,0
29,03,58,1,0,0,0,0
29,08,65,1,0,0,0,0
29,08,42,1,0,0,0,0
29,08,62,1,0,0,0,0
29,08,38,1,0,0,0,0
29,08,54,1,0,0,0,0
29,08,46,2,0,0,0,0
29,08,41,1,0,0,0,0
29,08,52,1,0,0,0,0
29,08,46,1,0,0,0,0
29,08,44,1,0,0,0,0
29,08,40,1,0,0,0,0
29,08,49,1,0,0,0,0
29,08,54,1,0,0,0,0
29,08,62,1,0,0,0,0
29,08,51,1,0,0,0,0
29,08,69,1,0,0,0,0
29,08,61,1,0,0,0,0
29,08,40,1,0,0,0,0
29,08,42,2,0,0,0,0
29,08,51,1,0,0,0,0
29,08,30,1,0,0,0,0
29,08,46,1,0,0,0,0
29,08,46,1,0,0,0,0
29,08,55,1,0,0,0,0
29,04,36,1,0,0,0,0
29,07,50,2,0,0,0,0
29,07,50,2,0,0,0,0
29,03,51,1,0,0,0,0
86,08,55,1,0,0,0,238350
86,08,62,1,0,0,0,310000
86,08,48,2,0,17857140,0,1908940
86,08,47,1,0,0,0,271820
86,08,39,1,0,0,0,170000
86,08,53,1,0,0,0,1446000
86,08,43,2,0,0,0,149360
86,08,46,1,0,720800,0,675290
86,08,56,1,0,0,0,3340000
86,08,61,1,0,0,0,250000
86,08,58,2,0,0,0,323100
86,08,41,1,0,520000,0,620930
86,08,42,1,0,0,0,906400
86,08,46,1,0,0,0,256000
86,08,49,1,0,0,0,106800
86,08,47,1,0,0,0,2184000
86,08,54,1,0,0,0,270000
86,08,36,1,0,0,0,174000
86,08,33,1,0,300000,0,658590
86,08,48,5,0,0,0,1594810
86,08,57,1,0,0,0,461410
86,08,51,1,0,922930,0,126640
86,08,57,1,0,3739500,0,380000
86,08,50,1,0,3715400,0,1444000
86,08,50,2,0,0,0,1071150
86,06,32,1,0,0,0,287400
86,08,50,1,0,0,0,790000
86,08,58,2,0,0,0,241000
86,08,72,1,0,300000,0,607240
86,08,47,1,0,0,0,56580
86,08,52,1,0,0,0,96030
86,08,65,1,0,0,0,112000
86,08,65,1,0,0,0,337400
86,08,37,1,0,0,0,301720
86,03,26,1,0,0,0,234200
86,04,27,1,0,0,0,1211420
86,08,48,2,0,0,0,1320400
86,03,62,2,0,0,0,292300
86,08,48,1,0,270410,0,94590
86,08,43,1,0,0,0,845920
86,08,47,1,0,0,0,716620
86,08,47,1,0,0,0,1162260
86,08,34,2,0,0,0,16000
86,08,37,2,0,0,0,752420
86,08,42,2,0,0,0,209570
86,08,51,1,847390,904000,0,64000
86,08,47,1,0,0,0,1120000
86,08,44,1,0,2967660,0,253690
86,08,33,1,0,0,0,956220
86,08,42,1,0,0,0,1301370
86,08,52,1,1747260,1274870,0,484160
86,08,40,1,1600320,2566210,0,787000
86,08,48,1,0,611180,0,953810
86,06,52,1,0,0,0,416970
86,05,41,2,0,0,0,240300
86,08,41,1,2400000,4585360,0,557920
86,08,54,1,0,0,0,163000
86,08,62,1,0,0,0,581710
86,08,46,1,0,1500000,0,4050000
86,08,41,1,0,0,0,110120
86,08,51,1,0,0,0,76660
86,08,50,1,0,1631110,0,1245620
86,06,39,1,0,0,0,1125620
86,08,67,1,0,0,0,1183070
86,08,57,2,0,0,0,1023440
86,08,46,1,0,0,0,40500
86,08,59,1,0,0,2560110,1068240
86,08,36,1,0,0,0,197720
86,08,36,1,0,1524470,0,978040
86,08,45,1,0,0,0,1059130
86,07,37,1,1384790,854920,0,594420
86,08,49,1,0,0,0,885510
86,08,46,2,0,0,0,902880
86,07,33,1,0,0,0,707890
86,08,35,1,0,0,0,512040
86,08,42,1,0,0,0,1076920
86,08,51,1,0,0,0,134180
86,08,49,1,0,0,0,1405790
86,08,56,1,0,504500,0,157100
86,08,45,2,0,0,0,520000
86,05,31,1,0,1439930,0,350000
86,08,51,2,0,0,0,388590
86,08,50,1,0,0,0,573990
86,05,36,1,300000,7941580,0,539530
86,08,35,1,0,0,0,951580
86,08,36,1,0,0,0,148700
86,08,74,1,0,540560,0,373980
86,08,44,1,32500000,2878000,798230,864000
86,04,33,1,0,0,0,1290390
86,08,44,1,0,0,0,130000
86,08,44,1,0,0,0,855360
86,08,46,1,0,524000,0,104720
86,08,53,2,0,0,0,140010
86,08,47,1,0,0,0,804000
86,08,35,1,0,0,0,33680
86,08,36,1,0,0,0,403690
86,08,38,1,0,0,0,455440
86,08,57,1,800000,741930,0,1636740
86,08,52,1,0,713850,0,138700
86,07,32,2,0,0,0,190790
86,08,47,1,0,0,0,799990
86,08,47,1,0,671900,0,549060
86,02,42,2,0,0,0,427000
86,08,43,1,0,0,0,800000
86,08,56,1,0,0,0,840000
86,07,38,1,0,0,0,450000
86,08,52,1,0,0,0,1334180
86,04,34,1,0,490160,0,442700
86,08,38,1,0,0,0,1454400
86,08,38,1,0,0,0,700000
86,08,40,2,0,0,0,1137640
86,08,58,1,0,0,0,202390
86,08,55,1,0,0,0,550610
86,08,44,1,411550,610800,0,211110
86,08,45,1,0,0,0,750950
86,08,53,1,0,0,0,717450
86,08,47,2,0,0,0,507310
86,08,42,1,0,0,0,237080
86,08,56,1,0,0,0,98430
86,08,50,1,0,0,0,777720
86,08,55,1,0,0,0,1083630
86,08,54,1,0,0,0,800000
86,08,52,1,0,0,0,734890
86,08,56,1,0,0,0,116160
86,08,61,1,0,1243680,0,1041130
86,05,35,1,0,0,0,2212000
86,04,32,1,0,0,0,844800
86,04,35,1,0,1656000,0,381120
86,08,51,2,0,0,0,449000
86,08,40,1,0,0,0,1406460
86,07,50,2,0,0,0,82000
86,04,30,1,0,0,0,1371530
86,08,37,1,0,0,0,111900
86,08,38,1,0,0,0,291610
86,05,54,2,0,500000,0,699950
86,08,47,2,0,0,0,107960
86,08,47,1,0,0,0,1801580
86,03,31,2,0,0,0,552700
86,05,29,1,0,0,0,31000
86,08,39,1,0,0,0,224570
86,08,63,1,0,0,0,0
86,08,41,1,0,0,0,0
86,08,49,1,0,0,0,0
86,08,44,2,0,0,0,0
86,08,56,1,0,0,0,0
86,08,45,1,0,0,0,0
86,08,51,2,0,0,0,0
86,08,44,1,0,371940,0,0
86,08,49,1,0,0,0,0
86,08,53,1,0,0,0,0
86,08,32,1,0,0,0,0
86,07,34,2,0,0,0,0
86,07,34,1,0,0,0,0
86,08,56,2,0,0,0,0
86,02,41,2,0,0,0,0
86,08,53,1,0,0,0,0
86,08,49,1,0,0,0,0
86,08,67,1,0,0,0,0
86,08,54,1,0,0,0,0
86,08,50,1,0,0,0,0
86,08,50,1,0,0,0,0
86,06,47,2,0,0,0,0
86,06,47,2,0,0,0,0
86,08,48,1,0,0,0,0
86,06,41,1,0,0,0,0
86,08,47,1,0,0,0,0
86,02,36,2,0,0,0,0
86,06,52,1,0,0,0,0
86,08,39,1,0,0,0,0
86,08,36,1,0,0,0,0
86,08,36,1,0,0,0,0
86,08,55,1,0,0,0,0
86,08,40,1,0,0,0,0
86,05,34,1,0,0,0,0
86,08,49,1,0,0,0,0
86,08,47,2,0,0,0,0
86,08,45,1,0,0,0,0
86,08,41,1,0,0,0,0
86,08,58,1,0,0,0,0
86,08,46,1,0,0,0,0
86,08,39,1,0,0,0,0
86,08,49,1,0,0,0,0
86,08,35,1,0,0,0,0
86,08,62,1,0,0,0,0
86,08,55,1,0,0,0,0
86,08,57,1,0,0,0,0
86,08,49,1,0,0,0,0
86,08,62,1,0,0,0,0
86,08,36,1,0,0,0,0
86,08,43,1,0,0,0,0
86,08,57,1,0,0,0,0
86,08,41,2,0,0,0,0
86,08,38,1,0,0,0,0
86,03,32,1,0,0,0,0
86,08,48,1,0,0,0,0
86,08,56,1,0,0,0,0
86,08,48,2,0,0,0,0
86,03,43,2,0,0,0,0
86,08,63,1,0,0,0,0
86,08,43,1,0,0,0,0
86,08,51,1,0,0,0,0
86,08,48,1,0,0,0,0
86,08,44,1,0,0,0,0
86,06,46,2,0,0,0,0
86,08,49,1,0,0,0,0
86,07,41,1,0,0,0,0
86,07,33,1,0,0,0,0
86,08,58,1,0,0,0,0
86,08,66,1,0,0,0,0
86,08,40,1,0,0,0,0
86,07,54,2,0,0,0,0
86,08,60,1,0,0,0,0
86,08,61,1,0,0,0,0
86,04,40,1,0,0,0,0
86,08,51,1,0,0,0,0
86,08,52,1,0,0,0,0
86,08,35,1,0,0,0,0
86,08,49,1,0,0,0,0
86,08,42,1,0,0,0,0
86,08,51,1,0,0,0,0
86,08,43,1,0,0,0,0
86,08,52,1,0,0,0,0
86,08,56,1,0,0,0,0
86,08,59,1,0,0,0,0
86,08,44,1,0,0,0,0
86,08,35,1,0,0,0,0
86,08,56,1,0,0,0,0
86,08,51,1,0,0,0,0
86,08,36,2,0,0,0,0
86,08,40,1,0,0,0,0
86,08,39,1,0,0,0,0
86,08,41,1,0,0,0,0
86,08,52,1,0,0,0,0
86,08,48,1,0,0,0,0
86,08,42,1,0,0,0,0
86,08,33,1,0,0,0,0
86,08,55,1,0,0,0,0
86,08,44,1,0,0,0,0
86,08,44,1,0,0,0,0
86,08,41,1,0,0,0,0
86,08,53,1,0,0,0,0
86,08,43,2,0,0,0,0
86,08,43,2,0,0,0,0
86,08,51,1,0,0,0,0
86,08,43,1,0,0,0,0
86,08,48,2,0,0,0,0
86,08,41,2,0,0,0,0
86,08,62,1,0,0,0,0
86,08,53,1,0,0,0,0
86,08,58,2,0,0,0,0
86,08,33,2,0,0,0,0
86,08,41,1,0,0,0,0
86,08,41,2,0,0,0,0
86,08,46,1,0,0,0,0
86,08,49,1,0,0,0,0
86,08,47,1,0,0,0,0
86,08,41,2,0,0,0,0
86,08,39,1,0,0,0,0
86,08,47,1,0,0,0,0
86,08,75,1,0,0,0,0
86,08,50,1,0,0,0,0
86,05,31,1,0,0,0,0
86,08,44,2,0,0,0,0
86,08,44,2,0,0,0,0
86,04,53,2,0,0,0,0
86,08,56,1,0,0,0,0
86,08,47,1,0,0,0,0
86,08,78,1,0,0,0,0
86,08,51,1,0,0,0,0
86,08,45,1,0,0,0,0
86,08,45,1,0,0,0,0
86,08,57,1,0,0,0,0
86,08,32,1,0,0,0,0
86,08,43,1,0,0,0,0
86,08,54,1,0,0,0,0
86,08,44,1,0,0,0,0
86,08,48,1,0,0,0,0
86,08,48,1,0,0,0,0
86,08,41,1,0,0,0,0
86,03,36,2,0,0,0,0
86,08,44,1,0,0,0,0
86,08,37,1,0,0,0,0
86,08,53,1,0,0,0,0
86,07,34,2,0,0,0,0
86,05,26,1,0,0,0,0
86,08,50,1,0,0,0,0
86,08,44,1,0,0,0,0
86,08,51,2,0,0,0,0
86,08,51,2,0,0,0,0
86,08,51,2,0,0,0,0
86,08,48,1,0,0,0,0
86,05,46,2,0,0,0,0
86,08,55,1,0,0,0,0
86,08,35,1,0,0,0,0
86,08,49,1,0,0,0,0
86,08,41,1,0,0,0,0
86,08,46,1,0,0,0,0
86,08,50,1,0,0,0,0
86,08,47,1,0,0,0,0
86,08,39,1,0,0,0,0
86,08,38,1,0,0,0,0
86,08,47,1,0,0,0,0
86,04,30,2,0,0,0,0
86,08,53,1,0,0,0,0
86,08,38,1,0,0,0,0
86,08,54,1,0,0,0,0
86,08,43,1,0,0,0,0
86,08,38,1,0,0,0,0
86,08,47,1,0,0,0,0
86,08,40,1,0,0,0,0
86,08,42,1,0,0,0,0
86,08,40,1,0,0,0,0
86,08,39,2,0,0,0,0
86,08,35,1,0,0,0,0
86,08,39,1,0,0,0,0
86,08,44,1,0,0,0,0
86,08,45,2,0,0,0,0
86,08,44,1,0,0,0,0
86,08,47,1,0,0,0,0
86,08,42,1,0,0,0,0
86,08,52,1,0,0,0,0
86,08,47,1,0,0,0,0
86,08,60,1,0,0,0,0
86,08,39,1,0,0,0,0
86,08,37,1,0,0,0,0
86,08,35,1,0,0,0,0
86,08,51,1,0,0,0,0
86,08,52,1,0,0,0,0
86,08,44,1,0,0,0,0
86,08,44,1,0,0,0,0
86,08,46,2,0,0,0,0
86,08,40,1,0,0,0,0
86,08,40,1,0,0,0,0
86,08,44,2,0,0,0,0
86,08,55,2,0,0,0,0
86,08,60,1,0,0,0,0
86,08,37,1,0,0,0,0
86,08,48,1,0,405290,0,0
86,08,53,1,0,0,0,0
86,08,47,1,0,0,0,0
86,08,68,1,0,0,0,0
86,08,47,1,0,0,0,0
86,08,56,1,0,0,0,0
86,08,54,1,0,0,0,0
86,08,43,1,0,0,0,0
86,08,56,1,0,0,0,0
86,05,39,1,0,0,0,0
86,08,41,1,0,0,0,0
86,08,39,1,0,0,0,0
86,08,40,1,0,0,0,0
86,08,44,1,0,0,0,0
86,08,50,1,0,0,0,0
86,08,47,1,0,0,0,0
86,08,34,1,0,0,0,0
86,06,36,2,0,0,0,0
86,08,47,1,0,0,0,0
86,08,50,2,0,0,0,0
86,08,46,1,0,0,0,0
86,08,53,1,0,0,0,0
86,08,53,1,0,0,0,0
86,08,48,2,0,0,0,0
86,08,36,1,0,0,0,0
86,08,37,1,0,0,0,0
86,07,34,1,0,0,0,0
86,08,37,1,0,0,0,0
86,08,69,1,0,0,0,0
86,08,69,1,0,0,0,0
86,08,54,1,0,0,0,0
86,08,43,1,0,0,0,0
86,08,55,2,0,0,0,0
86,08,41,1,0,0,0,0
86,08,40,1,0,0,0,0
86,08,41,1,0,0,0,0
86,08,53,1,0,0,0,0
86,08,33,1,0,0,0,0
86,08,38,1,0,0,0,0
86,06,33,1,0,0,0,0
86,08,41,1,0,0,0,0
86,08,54,1,0,0,0,0
86,08,54,1,0,0,0,0
86,08,58,1,0,0,0,0
86,08,44,1,0,0,0,0
86,08,36,1,0,0,0,0
86,08,35,1,0,0,0,0
86,08,45,1,0,0,0,0
86,08,40,1,0,0,0,0
86,08,48,1,0,0,0,0
86,08,54,2,0,0,0,0
86,08,45,1,0,0,0,0
86,08,54,1,0,0,0,0
86,04,35,1,0,0,0,0
86,08,63,1,0,0,0,0
86,08,35,1,0,0,0,0
86,08,43,1,0,0,0,0
86,08,38,2,0,0,0,0
86,08,51,1,0,0,0,0
86,06,57,1,0,0,0,0
86,08,61,1,0,0,0,0
86,08,51,1,0,0,0,0
86,03,51,2,0,0,0,0
86,08,49,2,0,0,0,0
86,08,47,2,0,0,0,0
86,08,51,1,0,0,0,0
86,08,47,1,0,0,0,0
86,08,34,1,0,0,0,0
86,08,42,2,0,0,0,0
86,08,32,1,0,0,0,0
86,08,42,1,0,0,0,0
86,08,36,1,0,0,0,0
86,07,42,2,0,0,0,0
86,08,48,2,0,0,0,0
86,07,29,1,0,0,0,0
86,08,37,1,0,0,0,0
86,08,46,2,0,0,0,0
86,08,51,1,0,0,0,0
86,08,48,1,0,0,0,0
86,08,53,1,0,0,0,0
86,08,49,1,0,0,0,0
86,08,46,2,0,0,0,0
86,03,32,1,0,0,0,0
86,08,58,1,0,0,0,0
86,08,43,1,0,0,0,0
86,08,49,1,0,0,0,0
86,07,51,1,0,0,0,0
86,08,32,1,0,0,0,0
86,08,50,1,0,0,0,0
86,04,30,1,0,0,0,0
86,08,36,1,0,0,0,0
86,04,29,1,0,0,0,0
86,08,40,1,0,0,0,0
86,08,61,1,0,0,0,0
86,08,57,2,0,0,0,0
86,08,37,1,0,0,0,0
86,08,37,1,0,0,0,0
86,03,44,2,0,0,0,0
86,08,34,1,0,0,0,0
86,02,33,1,0,0,0,0
86,08,38,1,0,0,0,0
86,08,38,1,0,0,0,0
86,08,38,1,0,0,0,0
86,08,38,1,0,0,0,0
86,08,54,1,0,0,0,0
86,08,54,1,0,0,0,0
86,08,54,1,0,0,0,0
86,08,52,1,0,0,0,0
86,08,44,1,0,0,0,0
86,08,40,1,0,0,0,0
86,08,42,1,0,0,0,0
86,08,60,2,0,0,0,0
86,08,40,1,0,0,0,0
86,08,56,2,0,0,0,0
86,02,33,1,0,0,0,0
86,08,58,1,0,0,0,0
86,08,58,1,0,0,0,0
86,08,41,1,0,0,0,0
86,08,44,1,0,0,0,0
86,08,67,1,0,0,0,0
86,08,41,1,0,0,0,0
86,08,56,1,0,0,0,0
86,08,48,1,0,0,0,0
86,08,43,1,0,0,0,0
86,08,54,1,0,0,0,0
86,08,41,1,0,0,0,0
86,08,50,1,0,0,0,0
86,08,45,1,0,0,0,0
86,08,48,2,0,0,0,0
86,08,41,1,0,0,0,0
86,08,65,1,0,0,0,0
86,08,43,1,0,0,0,0
8A,08,41,1,0,0,0,984000
8A,08,47,1,0,0,0,116240
8A,08,47,1,0,1400000,0,170450
8A,08,47,1,0,0,0,786980
8A,08,59,1,0,0,0,992410
8A,08,33,1,0,0,0,785390
8A,08,38,1,1311590,2806500,0,1172930
8A,08,60,2,0,0,0,516210
8A,08,43,1,0,0,0,1037520
8A,08,48,2,0,0,0,148170
8A,05,52,2,0,0,0,821450
8A,08,41,1,0,0,0,988800
8A,08,53,1,1281910,527200,0,218400
8A,08,41,2,0,0,0,310120
8A,08,45,1,0,0,0,0
8A,08,68,1,0,0,0,0
8A,08,40,1,0,0,0,0
8A,08,41,1,0,0,0,0
8A,08,47,1,0,0,0,0
8A,08,41,1,0,0,0,0
8A,08,45,1,0,0,0,0
8A,08,50,2,0,0,0,0
8A,08,38,1,0,0,0,0
8A,08,61,1,0,0,0,0
8A,08,43,1,0,0,0,0
8A,08,71,1,0,0,0,0
8A,05,29,2,0,0,0,0
8A,08,47,2,0,0,0,0
8A,08,37,1,0,0,0,0
8A,08,55,1,0,0,0,0
8A,08,68,1,0,0,0,0
8A,08,37,1,0,0,0,0
8A,08,57,1,0,0,0,0
8A,08,37,1,0,0,0,0
8A,08,37,1,0,0,0,0
8A,08,56,1,0,0,0,0
8A,08,44,1,0,0,0,0
8A,08,57,1,0,0,0,0
8A,08,48,1,0,0,0,0
8A,08,46,1,0,0,0,0
8A,08,43,2,0,0,0,0
8A,08,46,1,0,0,0,0
8A,08,32,1,0,0,0,0
8A,08,48,1,0,0,0,0
8A,08,63,1,0,0,0,0
8A,05,51,1,0,0,0,0
8A,08,40,1,0,0,0,0
8A,08,41,1,0,0,0,0
8A,08,48,1,0,0,0,0
8A,08,65,1,0,0,0,0
8B,08,39,2,0,499000,0,1431780
8B,08,58,1,78410540,0,0,2500000
8B,08,55,1,0,0,0,120000
8B,08,34,1,0,0,0,171300
8B,08,38,1,0,0,0,1269690
8B,06,34,1,0,0,0,385000
8B,08,49,2,0,0,0,723740
8B,08,50,1,2311040,400000,0,44090
8B,08,39,2,0,0,0,1068550
8B,05,40,2,0,0,0,400000
8B,08,43,1,0,0,0,1632430
8B,08,52,2,0,0,0,1033220
8B,08,39,1,0,0,0,114330
8B,08,45,1,1600000,582800,0,482440
8B,06,49,1,0,0,0,675070
8B,08,39,2,0,0,0,1124560
8B,08,68,1,0,0,0,150000
8B,08,52,1,0,0,0,402400
8B,08,45,1,0,0,0,922290
8B,08,49,2,0,0,0,1224270
8B,08,40,1,0,0,0,0
8B,08,49,1,0,0,0,0
8B,08,39,1,0,0,0,0
8B,08,40,1,0,0,0,0
8B,08,46,1,0,0,0,0
8B,08,44,1,0,0,0,0
8B,08,57,1,0,0,0,0
8B,08,48,1,0,0,0,0
8B,08,43,1,0,0,0,0
8B,08,56,1,0,0,0,0
8B,08,47,1,0,0,0,0
8B,08,45,1,0,0,0,0
8B,08,42,1,0,0,0,0
8B,08,39,1,0,0,0,0
8B,08,46,1,0,0,0,0
8B,08,67,1,0,0,0,0
8B,08,46,2,0,0,0,0
8B,08,46,1,0,0,0,0
8B,08,61,1,0,0,0,0
8B,08,57,1,0,0,0,0
8B,08,44,1,0,0,0,0
8B,08,72,1,0,0,0,0
8B,07,38,1,0,0,0,0
8B,08,36,1,0,0,0,0
8B,08,40,1,0,0,0,0
8B,02,33,1,0,0,0,0
8B,08,47,1,0,0,0,0
8B,08,49,1,0,0,0,0
8B,08,44,1,0,0,0,0
8B,08,50,1,0,0,0,0
8B,07,36,2,0,0,0,0
8B,08,52,1,0,0,0,0
8B,08,41,1,0,0,0,0
8B,08,55,1,0,0,0,0
8B,08,35,1,0,0,0,0
8B,08,55,1,0,0,0,0
8B,08,39,1,0,0,0,0
8B,08,53,1,0,0,0,0
8B,08,51,1,0,0,0,0
8B,08,42,1,0,0,0,0
8B,08,43,1,0,0,0,0
8B,08,47,1,0,0,0,0
8B,08,55,1,0,0,0,0
8B,08,60,1,0,0,0,0
8B,08,54,1,0,0,0,0
8B,08,64,1,0,0,0,0
8B,08,45,1,0,0,0,0
8B,08,52,1,0,0,0,0
8B,08,54,2,0,0,0,0
8B,08,59,1,0,0,0,0
8B,08,39,1,0,0,0,0
8B,08,53,1,0,0,0,0
8B,08,46,1,0,0,0,0
8B,08,52,1,0,0,0,0
8B,08,53,1,0,0,0,0
8B,05,42,1,0,0,0,0
8B,08,39,1,0,0,0,0
8B,08,35,1,0,0,0,0
8B,08,42,1,0,0,0,0
8B,08,41,1,0,0,0,0
8B,08,50,2,0,0,0,0
8B,08,46,1,0,0,0,0
8B,08,47,1,0,0,0,0
8B,08,60,2,0,0,0,0
8B,08,33,1,0,0,0,0
8B,08,38,1,0,0,0,0
